Source Term ID	Source Term	Mapped Term Label	Mapped Term IRI	Mapped Term CURIE	IS_DISEASE	IS_MEASUREMENT	IS_PHENOTYPE	IS_AMOUNT	IS_PROCESS
143B_BONE	143B	143B	http://www.ebi.ac.uk/efo/EFO_0006355	EFO:0006355	FALSE	FALSE	FALSE	FALSE	FALSE
22RV1_PROSTATE	22Rv1	22Rv1	http://www.ebi.ac.uk/efo/EFO_0002095	EFO:0002095	FALSE	FALSE	FALSE	FALSE	FALSE
2313287_STOMACH	23132/87	23132/87	http://www.ebi.ac.uk/efo/EFO_0006528	EFO:0006528	FALSE	FALSE	FALSE	FALSE	FALSE
5637_URINARY_TRACT	5637	5637	http://www.ebi.ac.uk/efo/EFO_0002096	EFO:0002096	FALSE	FALSE	FALSE	FALSE	FALSE
59M_OVARY	59M	59M	http://www.ebi.ac.uk/efo/EFO_0006358	EFO:0006358	FALSE	FALSE	FALSE	FALSE	FALSE
639V_URINARY_TRACT	639-V	639V	http://www.ebi.ac.uk/efo/EFO_0002097	EFO:0002097	FALSE	FALSE	FALSE	FALSE	FALSE
647V_URINARY_TRACT	647-V	647V	http://www.ebi.ac.uk/efo/EFO_0002098	EFO:0002098	FALSE	FALSE	FALSE	FALSE	FALSE
769P_KIDNEY	769-P	769P	http://www.ebi.ac.uk/efo/EFO_0002099	EFO:0002099	FALSE	FALSE	FALSE	FALSE	FALSE
A101D_SKIN	A101D	A101D	http://www.ebi.ac.uk/efo/EFO_0002100	EFO:0002100	FALSE	FALSE	FALSE	FALSE	FALSE
A172_CENTRAL_NERVOUS_SYSTEM	A172	A172	http://www.ebi.ac.uk/efo/EFO_0002101	EFO:0002101	FALSE	FALSE	FALSE	FALSE	FALSE
A204_SOFT_TISSUE	A-204	A204	http://www.ebi.ac.uk/efo/EFO_0002102	EFO:0002102	FALSE	FALSE	FALSE	FALSE	FALSE
A2058_SKIN	A2058	A2058	http://www.ebi.ac.uk/efo/EFO_0006361	EFO:0006361	FALSE	FALSE	FALSE	FALSE	FALSE
A2780_OVARY	A2780	A2780	http://www.ebi.ac.uk/efo/EFO_0006362	EFO:0006362	FALSE	FALSE	FALSE	FALSE	FALSE
A375_SKIN	A-375	A375	http://www.ebi.ac.uk/efo/EFO_0002103	EFO:0002103	FALSE	FALSE	FALSE	FALSE	FALSE
A3KAW_HAEMATOPOIETIC_AND_LYMPHOID_TISSUE	A3/KAW	A3/KAW	http://www.ebi.ac.uk/efo/EFO_0006532	EFO:0006532	FALSE	FALSE	FALSE	FALSE	FALSE
A498_KIDNEY	A-498	A498	http://www.ebi.ac.uk/efo/EFO_0002105	EFO:0002105	FALSE	FALSE	FALSE	FALSE	FALSE
A4FUK_HAEMATOPOIETIC_AND_LYMPHOID_TISSUE	A4/Fuk	A4/Fuk	http://www.ebi.ac.uk/efo/EFO_0006533	EFO:0006533	FALSE	FALSE	FALSE	FALSE	FALSE
A549_LUNG	A549	A549	http://www.ebi.ac.uk/efo/EFO_0001086	EFO:0001086	FALSE	FALSE	FALSE	FALSE	FALSE
A673_BONE	A-673	A673	http://www.ebi.ac.uk/efo/EFO_0002106	EFO:0002106	FALSE	FALSE	FALSE	FALSE	FALSE
ABC1_LUNG	ABC-1	ABC-1	http://www.ebi.ac.uk/efo/EFO_0002813	EFO:0002813	FALSE	FALSE	FALSE	FALSE	FALSE
ACHN_KIDNEY	ACHN	ACHN	http://www.ebi.ac.uk/efo/EFO_0002108	EFO:0002108	FALSE	FALSE	FALSE	FALSE	FALSE
AGS_STOMACH	AGS	AGS	http://www.ebi.ac.uk/efo/EFO_0002109	EFO:0002109	FALSE	FALSE	FALSE	FALSE	FALSE
AMO1_HAEMATOPOIETIC_AND_LYMPHOID_TISSUE	AMO-1	AMO-1	http://www.ebi.ac.uk/efo/EFO_0006534	EFO:0006534	FALSE	FALSE	FALSE	FALSE	FALSE
ASPC1_PANCREAS	AsPC-1	AsPC1	http://www.ebi.ac.uk/efo/EFO_0002112	EFO:0002112	FALSE	FALSE	FALSE	FALSE	FALSE
AU565_BREAST	AU565	AU565	http://www.ebi.ac.uk/efo/EFO_0001087	EFO:0001087	FALSE	FALSE	FALSE	FALSE	FALSE
AZ521_SMALL_INTESTINE	AZ-521	AZ-521	http://www.ebi.ac.uk/efo/EFO_0002814	EFO:0002814	FALSE	FALSE	FALSE	FALSE	FALSE
BEN_LUNG	BEN	BEN	http://www.ebi.ac.uk/efo/EFO_0006537	EFO:0006537	FALSE	FALSE	FALSE	FALSE	FALSE
BFTC905_URINARY_TRACT	BFTC-905	BFTC905	http://www.ebi.ac.uk/efo/EFO_0002115	EFO:0002115	FALSE	FALSE	FALSE	FALSE	FALSE
BFTC909_KIDNEY	BFTC-909	BFTC-909	http://www.ebi.ac.uk/efo/EFO_0006538	EFO:0006538	FALSE	FALSE	FALSE	FALSE	FALSE
BHT101_THYROID	BHT-101	BHT101	http://www.ebi.ac.uk/efo/EFO_0002116	EFO:0002116	FALSE	FALSE	FALSE	FALSE	FALSE
BHY_UPPER_AERODIGESTIVE_TRACT	BHY	BHY	http://www.ebi.ac.uk/efo/EFO_0006539	EFO:0006539	FALSE	FALSE	FALSE	FALSE	FALSE
BICR22_UPPER_AERODIGESTIVE_TRACT	BICR 22	BICR 22	http://www.ebi.ac.uk/efo/EFO_0006541	EFO:0006541	FALSE	FALSE	FALSE	FALSE	FALSE
BICR31_UPPER_AERODIGESTIVE_TRACT	BICR 31	BICR 31	http://www.ebi.ac.uk/efo/EFO_0006542	EFO:0006542	FALSE	FALSE	FALSE	FALSE	FALSE
BT20_BREAST	BT-20	BT20	http://www.ebi.ac.uk/efo/EFO_0001092	EFO:0001092	FALSE	FALSE	FALSE	FALSE	FALSE
BT474_BREAST	BT-474	BT474	http://www.ebi.ac.uk/efo/EFO_0001093	EFO:0001093	FALSE	FALSE	FALSE	FALSE	FALSE
BT483_BREAST	BT-483	BT483	http://www.ebi.ac.uk/efo/EFO_0001095	EFO:0001095	FALSE	FALSE	FALSE	FALSE	FALSE
BT549_BREAST	BT-549	BT549	http://www.ebi.ac.uk/efo/EFO_0001096	EFO:0001096	FALSE	FALSE	FALSE	FALSE	FALSE
BV173_HAEMATOPOIETIC_AND_LYMPHOID_TISSUE	BV-173	BV173	http://www.ebi.ac.uk/efo/EFO_0002118	EFO:0002118	FALSE	FALSE	FALSE	FALSE	FALSE
BXPC3_PANCREAS	BxPC-3	BxPC-3	http://www.ebi.ac.uk/efo/EFO_0002709	EFO:0002709	FALSE	FALSE	FALSE	FALSE	FALSE
C2BBE1_LARGE_INTESTINE	C2BBe1	C2BBe1	http://www.ebi.ac.uk/efo/EFO_0006546	EFO:0006546	FALSE	FALSE	FALSE	FALSE	FALSE
C32_SKIN	C32	C32	http://www.ebi.ac.uk/efo/EFO_0006364	EFO:0006364	FALSE	FALSE	FALSE	FALSE	FALSE
C3A_LIVER	C3A	C3A	http://www.ebi.ac.uk/efo/EFO_0002121	EFO:0002121	FALSE	FALSE	FALSE	FALSE	FALSE
CA46_HAEMATOPOIETIC_AND_LYMPHOID_TISSUE	CA46	CA46	http://www.ebi.ac.uk/efo/EFO_0002124	EFO:0002124	FALSE	FALSE	FALSE	FALSE	FALSE
CACO2	CACO2	Caco-2	http://www.ebi.ac.uk/efo/EFO_0001099	EFO:0001099	FALSE	FALSE	FALSE	FALSE	FALSE
CADOES1_BONE	CADO-ES1	CADO ES1	http://www.ebi.ac.uk/efo/EFO_0002818	EFO:0002818	FALSE	FALSE	FALSE	FALSE	FALSE
CAKI1_KIDNEY	Caki-1	Caki1	http://www.ebi.ac.uk/efo/EFO_0002149	EFO:0002149	FALSE	FALSE	FALSE	FALSE	FALSE
CAKI2_KIDNEY	Caki-2	Caki2	http://www.ebi.ac.uk/efo/EFO_0002150	EFO:0002150	FALSE	FALSE	FALSE	FALSE	FALSE
CAL120_BREAST	CAL-120	CAL120	http://www.ebi.ac.uk/efo/EFO_0005356	EFO:0005356	FALSE	FALSE	FALSE	FALSE	FALSE
CAL12T_LUNG	CAL-12T	CAL-12T	http://www.ebi.ac.uk/efo/EFO_0006547	EFO:0006547	FALSE	FALSE	FALSE	FALSE	FALSE
CAL148_BREAST	CAL-148	CAL148	http://www.ebi.ac.uk/efo/EFO_0005357	EFO:0005357	FALSE	FALSE	FALSE	FALSE	FALSE
CAL27_UPPER_AERODIGESTIVE_TRACT	CAL 27	CAL 27	http://www.ebi.ac.uk/efo/EFO_0006366	EFO:0006366	FALSE	FALSE	FALSE	FALSE	FALSE
CAL51_BREAST	CAL-51	CAL51	http://www.ebi.ac.uk/efo/EFO_0005358	EFO:0005358	FALSE	FALSE	FALSE	FALSE	FALSE
CAL54_KIDNEY	CAL-54	CAL54	http://www.ebi.ac.uk/efo/EFO_0002125	EFO:0002125	FALSE	FALSE	FALSE	FALSE	FALSE
CAL62_THYROID	CAL-62	CAL62	http://www.ebi.ac.uk/efo/EFO_0002126	EFO:0002126	FALSE	FALSE	FALSE	FALSE	FALSE
CAL851_BREAST	CAL-85-1	CAL851	http://www.ebi.ac.uk/efo/EFO_0005359	EFO:0005359	FALSE	FALSE	FALSE	FALSE	FALSE
CALU1_LUNG	Calu-1	Calu1	http://www.ebi.ac.uk/efo/EFO_0002151	EFO:0002151	FALSE	FALSE	FALSE	FALSE	FALSE
CALU3_LUNG	Calu-3	Calu3	http://www.ebi.ac.uk/efo/EFO_0002819	EFO:0002819	FALSE	FALSE	FALSE	FALSE	FALSE
CALU6_LUNG	Calu-6	Calu6	http://www.ebi.ac.uk/efo/EFO_0002152	EFO:0002152	FALSE	FALSE	FALSE	FALSE	FALSE
CAMA1_BREAST	CAMA-1	CAMA1	http://www.ebi.ac.uk/efo/EFO_0001100	EFO:0001100	FALSE	FALSE	FALSE	FALSE	FALSE
CAOV3_OVARY	Caov-3	CaOv3	http://www.ebi.ac.uk/efo/EFO_0002148	EFO:0002148	FALSE	FALSE	FALSE	FALSE	FALSE
CAPAN1_PANCREAS	Capan-1	Capan1	http://www.ebi.ac.uk/efo/EFO_0002153	EFO:0002153	FALSE	FALSE	FALSE	FALSE	FALSE
CAPAN2_PANCREAS	Capan-2	Capan2	http://www.ebi.ac.uk/efo/EFO_0002154	EFO:0002154	FALSE	FALSE	FALSE	FALSE	FALSE
CCFSTTG1_CENTRAL_NERVOUS_SYSTEM	CCF-STTG1	CCFSTTG1	http://www.ebi.ac.uk/efo/EFO_0002127	EFO:0002127	FALSE	FALSE	FALSE	FALSE	FALSE
CFPAC1_PANCREAS	CFPAC-1	CFPAC-1	http://www.ebi.ac.uk/efo/EFO_0006551	EFO:0006551	FALSE	FALSE	FALSE	FALSE	FALSE
CGTHW1_THYROID	CGTH-W-1	CGTHW1	http://www.ebi.ac.uk/efo/EFO_0002131	EFO:0002131	FALSE	FALSE	FALSE	FALSE	FALSE
CHAGOK1_LUNG	ChaGo-K-1	ChaGoK1	http://www.ebi.ac.uk/efo/EFO_0002155	EFO:0002155	FALSE	FALSE	FALSE	FALSE	FALSE
CHL1_SKIN	CHL-1	CHL1	http://www.ebi.ac.uk/efo/EFO_0002132	EFO:0002132	FALSE	FALSE	FALSE	FALSE	FALSE
CHP212_AUTONOMIC_GANGLIA	CHP-212	CHP212	http://www.ebi.ac.uk/efo/EFO_0002133	EFO:0002133	FALSE	FALSE	FALSE	FALSE	FALSE
CI1_HAEMATOPOIETIC_AND_LYMPHOID_TISSUE	CI-1	CI-1	http://www.ebi.ac.uk/efo/EFO_0006367	EFO:0006367	FALSE	FALSE	FALSE	FALSE	FALSE
CL11_LARGE_INTESTINE	CL-11	CL-11	http://www.ebi.ac.uk/efo/EFO_0006368	EFO:0006368	FALSE	FALSE	FALSE	FALSE	FALSE
CL34_LARGE_INTESTINE	CL-34	CL-34	http://www.ebi.ac.uk/efo/EFO_0006369	EFO:0006369	FALSE	FALSE	FALSE	FALSE	FALSE
CL40_LARGE_INTESTINE	CL-40	CL-40	http://www.ebi.ac.uk/efo/EFO_0006370	EFO:0006370	FALSE	FALSE	FALSE	FALSE	FALSE
CMK_HAEMATOPOIETIC_AND_LYMPHOID_TISSUE	CMK	CMK	http://www.ebi.ac.uk/efo/EFO_0003037	EFO:0003037	FALSE	FALSE	FALSE	FALSE	FALSE
CMLT1_HAEMATOPOIETIC_AND_LYMPHOID_TISSUE	CML-T1	CMLT1	http://www.ebi.ac.uk/efo/EFO_0002134	EFO:0002134	FALSE	FALSE	FALSE	FALSE	FALSE
COLO678_LARGE_INTESTINE	COLO-678	COLO 678	http://www.ebi.ac.uk/efo/EFO_0006371	EFO:0006371	FALSE	FALSE	FALSE	FALSE	FALSE
COLO679_SKIN	COLO-679	COLO 679	http://www.ebi.ac.uk/efo/EFO_0006372	EFO:0006372	FALSE	FALSE	FALSE	FALSE	FALSE
COLO680N_OESOPHAGUS	COLO-680N	COLO 680N	http://www.ebi.ac.uk/efo/EFO_0006373	EFO:0006373	FALSE	FALSE	FALSE	FALSE	FALSE
COLO699_LUNG	COLO-699	COLO 699	http://www.ebi.ac.uk/efo/EFO_0006374	EFO:0006374	FALSE	FALSE	FALSE	FALSE	FALSE
COLO704_OVARY	COLO-704	COLO704	http://www.ebi.ac.uk/efo/EFO_0002139	EFO:0002139	FALSE	FALSE	FALSE	FALSE	FALSE
COLO741_SKIN	COLO 741	COLO 741	http://www.ebi.ac.uk/efo/EFO_0006375	EFO:0006375	FALSE	FALSE	FALSE	FALSE	FALSE
COLO783_SKIN	COLO-783	COLO 783	http://www.ebi.ac.uk/efo/EFO_0006376	EFO:0006376	FALSE	FALSE	FALSE	FALSE	FALSE
COLO792_SKIN	COLO 792	COLO 792	http://www.ebi.ac.uk/efo/EFO_0006377	EFO:0006377	FALSE	FALSE	FALSE	FALSE	FALSE
COLO800_SKIN	COLO-800	COLO 800	http://www.ebi.ac.uk/efo/EFO_0006378	EFO:0006378	FALSE	FALSE	FALSE	FALSE	FALSE
COLO849_SKIN	COLO-849	COLO 849	http://www.ebi.ac.uk/efo/EFO_0006379	EFO:0006379	FALSE	FALSE	FALSE	FALSE	FALSE
CORL105_LUNG	COR-L105	CORL105	http://www.ebi.ac.uk/efo/EFO_0002141	EFO:0002141	FALSE	FALSE	FALSE	FALSE	FALSE
CORL23_LUNG	COR-L23	CORL23	http://www.ebi.ac.uk/efo/EFO_0002142	EFO:0002142	FALSE	FALSE	FALSE	FALSE	FALSE
CORL279_LUNG	COR-L279	CORL279	http://www.ebi.ac.uk/efo/EFO_0002143	EFO:0002143	FALSE	FALSE	FALSE	FALSE	FALSE
CORL47_LUNG	COR-L47	COR-L47	http://www.ebi.ac.uk/efo/EFO_0006556	EFO:0006556	FALSE	FALSE	FALSE	FALSE	FALSE
CORL88_LUNG	COR-L88	CORL88	http://www.ebi.ac.uk/efo/EFO_0002144	EFO:0002144	FALSE	FALSE	FALSE	FALSE	FALSE
COV318_OVARY	COV318	COV318	http://www.ebi.ac.uk/efo/EFO_0006382	EFO:0006382	FALSE	FALSE	FALSE	FALSE	FALSE
COV362_OVARY	COV362	COV362	http://www.ebi.ac.uk/efo/EFO_0006383	EFO:0006383	FALSE	FALSE	FALSE	FALSE	FALSE
COV434_OVARY	COV434	COV434	http://www.ebi.ac.uk/efo/EFO_0006384	EFO:0006384	FALSE	FALSE	FALSE	FALSE	FALSE
COV504_OVARY	COV504	COV504	http://www.ebi.ac.uk/efo/EFO_0006385	EFO:0006385	FALSE	FALSE	FALSE	FALSE	FALSE
COV644_OVARY	COV644	COV644	http://www.ebi.ac.uk/efo/EFO_0006386	EFO:0006386	FALSE	FALSE	FALSE	FALSE	FALSE
CPCN_LUNG	CPC-N	CPC-N	http://www.ebi.ac.uk/efo/EFO_0006559	EFO:0006559	FALSE	FALSE	FALSE	FALSE	FALSE
CW2_LARGE_INTESTINE	CW-2	CW-2	http://www.ebi.ac.uk/efo/EFO_0006560	EFO:0006560	FALSE	FALSE	FALSE	FALSE	FALSE
DANG_PANCREAS	DAN-G	DAN-G	http://www.ebi.ac.uk/efo/EFO_0006562	EFO:0006562	FALSE	FALSE	FALSE	FALSE	FALSE
DAOY_CENTRAL_NERVOUS_SYSTEM	Daoy	Daoy	http://www.ebi.ac.uk/efo/EFO_0005698	EFO:0005698	FALSE	FALSE	FALSE	FALSE	FALSE
DAUDI_HAEMATOPOIETIC_AND_LYMPHOID_TISSUE	Daudi	Daudi	http://www.ebi.ac.uk/efo/EFO_0002169	EFO:0002169	FALSE	FALSE	FALSE	FALSE	FALSE
DBTRG05MG_CENTRAL_NERVOUS_SYSTEM	DBTRG-05MG	DBTRG05MG	http://www.ebi.ac.uk/efo/EFO_0002159	EFO:0002159	FALSE	FALSE	FALSE	FALSE	FALSE
DB_HAEMATOPOIETIC_AND_LYMPHOID_TISSUE	DB	DB	http://www.ebi.ac.uk/efo/EFO_0002158	EFO:0002158	FALSE	FALSE	FALSE	FALSE	FALSE
DKMG_CENTRAL_NERVOUS_SYSTEM	DK-MG	DKMG	http://www.ebi.ac.uk/efo/EFO_0002161	EFO:0002161	FALSE	FALSE	FALSE	FALSE	FALSE
DLD1_LARGE_INTESTINE	DLD-1	DLD1	http://www.ebi.ac.uk/efo/EFO_0006389	EFO:0006389	FALSE	FALSE	FALSE	FALSE	FALSE
DMS114_LUNG	DMS 114	DMS114	http://www.ebi.ac.uk/efo/EFO_0002162	EFO:0002162	FALSE	FALSE	FALSE	FALSE	FALSE
DMS454_LUNG	DMS 454	DMS 454	http://www.ebi.ac.uk/efo/EFO_0006390	EFO:0006390	FALSE	FALSE	FALSE	FALSE	FALSE
DND41_HAEMATOPOIETIC_AND_LYMPHOID_TISSUE	DND-41	DND-41	http://www.ebi.ac.uk/efo/EFO_0007074	EFO:0007074	FALSE	FALSE	FALSE	FALSE	FALSE
DOHH2_HAEMATOPOIETIC_AND_LYMPHOID_TISSUE	DOHH-2	DOHH2	http://www.ebi.ac.uk/efo/EFO_0002167	EFO:0002167	FALSE	FALSE	FALSE	FALSE	FALSE
DU145_PROSTATE	DU 145	DU 145	http://www.ebi.ac.uk/efo/EFO_0005441	EFO:0005441	FALSE	FALSE	FALSE	FALSE	FALSE
DU4475_BREAST	DU4475	DU4475	http://www.ebi.ac.uk/efo/EFO_0002168	EFO:0002168	FALSE	FALSE	FALSE	FALSE	FALSE
DV90_LUNG	DV-90	DV-90	http://www.ebi.ac.uk/efo/EFO_0006565	EFO:0006565	FALSE	FALSE	FALSE	FALSE	FALSE
EB1_HAEMATOPOIETIC_AND_LYMPHOID_TISSUE	EB1	EB1	http://www.ebi.ac.uk/efo/EFO_0002172	EFO:0002172	FALSE	FALSE	FALSE	FALSE	FALSE
EB2_HAEMATOPOIETIC_AND_LYMPHOID_TISSUE	EB2	EB2	http://www.ebi.ac.uk/efo/EFO_0002173	EFO:0002173	FALSE	FALSE	FALSE	FALSE	FALSE
EBC1_LUNG	EBC-1	EBC-1	http://www.ebi.ac.uk/efo/EFO_0003115	EFO:0003115	FALSE	FALSE	FALSE	FALSE	FALSE
EFM192A_BREAST	EFM-192A	EFM-192A	http://www.ebi.ac.uk/efo/EFO_0006568	EFO:0006568	FALSE	FALSE	FALSE	FALSE	FALSE
EFM19_BREAST	EFM-19	EFM19	http://www.ebi.ac.uk/efo/EFO_0002175	EFO:0002175	FALSE	FALSE	FALSE	FALSE	FALSE
EFO27_OVARY	EFO-27	EFO-27	http://www.ebi.ac.uk/efo/EFO_0006571	EFO:0006571	FALSE	FALSE	FALSE	FALSE	FALSE
EJM_HAEMATOPOIETIC_AND_LYMPHOID_TISSUE	EJM	EJM	http://www.ebi.ac.uk/efo/EFO_0006572	EFO:0006572	FALSE	FALSE	FALSE	FALSE	FALSE
EKVX_LUNG	EKVX	EKVX	http://www.ebi.ac.uk/efo/EFO_0006786	EFO:0006786	FALSE	FALSE	FALSE	FALSE	FALSE
EM2_HAEMATOPOIETIC_AND_LYMPHOID_TISSUE	EM-2	EM2	http://www.ebi.ac.uk/efo/EFO_0002176	EFO:0002176	FALSE	FALSE	FALSE	FALSE	FALSE
EPLC272H_LUNG	EPLC-272H	EPLC-272H	http://www.ebi.ac.uk/efo/EFO_0006573	EFO:0006573	FALSE	FALSE	FALSE	FALSE	FALSE
ES2_OVARY	ES-2	ES2	http://www.ebi.ac.uk/efo/EFO_0002177	EFO:0002177	FALSE	FALSE	FALSE	FALSE	FALSE
EVSAT_BREAST	EVSA-T	EVSA-T	http://www.ebi.ac.uk/efo/EFO_0006574	EFO:0006574	FALSE	FALSE	FALSE	FALSE	FALSE
FADU_UPPER_AERODIGESTIVE_TRACT	FaDu	FaDu	http://www.ebi.ac.uk/efo/EFO_0002178	EFO:0002178	FALSE	FALSE	FALSE	FALSE	FALSE
FU97_STOMACH	FU97	Fu97	http://www.ebi.ac.uk/efo/EFO_0002054	EFO:0002054	FALSE	FALSE	FALSE	FALSE	FALSE
G361_SKIN	G-361	G-361	http://www.ebi.ac.uk/efo/EFO_0006394	EFO:0006394	FALSE	FALSE	FALSE	FALSE	FALSE
G401_SOFT_TISSUE	G-401	G401	http://www.ebi.ac.uk/efo/EFO_0002179	EFO:0002179	FALSE	FALSE	FALSE	FALSE	FALSE
G402_SOFT_TISSUE	G-402	G402	http://www.ebi.ac.uk/efo/EFO_0002180	EFO:0002180	FALSE	FALSE	FALSE	FALSE	FALSE
GA10_HAEMATOPOIETIC_AND_LYMPHOID_TISSUE	GA-10	GA10	http://www.ebi.ac.uk/efo/EFO_0002181	EFO:0002181	FALSE	FALSE	FALSE	FALSE	FALSE
GCT_SOFT_TISSUE	GCT	GCT	http://www.ebi.ac.uk/efo/EFO_0002182	EFO:0002182	FALSE	FALSE	FALSE	FALSE	FALSE
GDM1_HAEMATOPOIETIC_AND_LYMPHOID_TISSUE	GDM-1	GDM1	http://www.ebi.ac.uk/efo/EFO_0002183	EFO:0002183	FALSE	FALSE	FALSE	FALSE	FALSE
GP2D_LARGE_INTESTINE	GP2d	GP2d	http://www.ebi.ac.uk/efo/EFO_0006575	EFO:0006575	FALSE	FALSE	FALSE	FALSE	FALSE
GRANTA519_HAEMATOPOIETIC_AND_LYMPHOID_TISSUE	GRANTA-519	Granta-519	http://www.ebi.ac.uk/efo/EFO_0005369	EFO:0005369	FALSE	FALSE	FALSE	FALSE	FALSE
GRM_SKIN	GR-M	GR-M	http://www.ebi.ac.uk/efo/EFO_0006577	EFO:0006577	FALSE	FALSE	FALSE	FALSE	FALSE
H4_CENTRAL_NERVOUS_SYSTEM	H4	H4	http://www.ebi.ac.uk/efo/EFO_0002184	EFO:0002184	FALSE	FALSE	FALSE	FALSE	FALSE
HCC1143_BREAST	HCC1143	HCC1143	http://www.ebi.ac.uk/efo/EFO_0001169	EFO:0001169	FALSE	FALSE	FALSE	FALSE	FALSE
HCC1171_LUNG	HCC-1171	HCC1171	http://www.ebi.ac.uk/efo/EFO_0003126	EFO:0003126	FALSE	FALSE	FALSE	FALSE	FALSE
HCC1187_BREAST	HCC1187	HCC1187	http://www.ebi.ac.uk/efo/EFO_0001170	EFO:0001170	FALSE	FALSE	FALSE	FALSE	FALSE
HCC1195_LUNG	HCC-1195	HCC1195	http://www.ebi.ac.uk/efo/EFO_0005371	EFO:0005371	FALSE	FALSE	FALSE	FALSE	FALSE
HCC1359_LUNG	HCC-1359	HCC1359	http://www.ebi.ac.uk/efo/EFO_0003128	EFO:0003128	FALSE	FALSE	FALSE	FALSE	FALSE
HCC1395_BREAST	HCC1395	HCC1395	http://www.ebi.ac.uk/efo/EFO_0002185	EFO:0002185	FALSE	FALSE	FALSE	FALSE	FALSE
HCC1419_BREAST	HCC1419	HCC1419	http://www.ebi.ac.uk/efo/EFO_0005372	EFO:0005372	FALSE	FALSE	FALSE	FALSE	FALSE
HCC1428_BREAST	HCC1428	HCC1428	http://www.ebi.ac.uk/efo/EFO_0001171	EFO:0001171	FALSE	FALSE	FALSE	FALSE	FALSE
HCC1500_BREAST	HCC1500	HCC1500	http://www.ebi.ac.uk/efo/EFO_0001172	EFO:0001172	FALSE	FALSE	FALSE	FALSE	FALSE
HCC1569_BREAST	HCC1569	HCC1569	http://www.ebi.ac.uk/efo/EFO_0001173	EFO:0001173	FALSE	FALSE	FALSE	FALSE	FALSE
HCC1599_BREAST	HCC1599	HCC1599	http://www.ebi.ac.uk/efo/EFO_0002186	EFO:0002186	FALSE	FALSE	FALSE	FALSE	FALSE
HCC15_LUNG	HCC-15	HCC15	http://www.ebi.ac.uk/efo/EFO_0003129	EFO:0003129	FALSE	FALSE	FALSE	FALSE	FALSE
HCC1806_BREAST	HCC1806	HCC1806	http://www.ebi.ac.uk/efo/EFO_0005373	EFO:0005373	FALSE	FALSE	FALSE	FALSE	FALSE
HCC1937_BREAST	HCC1937	HCC1937	http://www.ebi.ac.uk/efo/EFO_0001174	EFO:0001174	FALSE	FALSE	FALSE	FALSE	FALSE
HCC1954_BREAST	HCC1954	HCC1954	http://www.ebi.ac.uk/efo/EFO_0001175	EFO:0001175	FALSE	FALSE	FALSE	FALSE	FALSE
HCC202_BREAST	HCC202	HCC202	http://www.ebi.ac.uk/efo/EFO_0001176	EFO:0001176	FALSE	FALSE	FALSE	FALSE	FALSE
HCC2157_BREAST	HCC2157	HCC2157	http://www.ebi.ac.uk/efo/EFO_0001177	EFO:0001177	FALSE	FALSE	FALSE	FALSE	FALSE
HCC2218_BREAST	HCC2218	HCC2218	http://www.ebi.ac.uk/efo/EFO_0002187	EFO:0002187	FALSE	FALSE	FALSE	FALSE	FALSE
HCC2279_LUNG	HCC-2279	HCC2279	http://www.ebi.ac.uk/efo/EFO_0006431	EFO:0006431	FALSE	FALSE	FALSE	FALSE	FALSE
HCC2935_LUNG	HCC2935	HCC2935	http://www.ebi.ac.uk/efo/EFO_0005375	EFO:0005375	FALSE	FALSE	FALSE	FALSE	FALSE
HCC33_LUNG	HCC-33	HCC0033	http://www.ebi.ac.uk/efo/EFO_0006417	EFO:0006417	FALSE	FALSE	FALSE	FALSE	FALSE
HCC364_LUNG	HCC364	HCC0364	http://www.ebi.ac.uk/efo/EFO_0006420	EFO:0006420	FALSE	FALSE	FALSE	FALSE	FALSE
HCC366_LUNG	HCC-366	HCC366	http://www.ebi.ac.uk/efo/EFO_0003131	EFO:0003131	FALSE	FALSE	FALSE	FALSE	FALSE
HCC38_BREAST	HCC38	HCC38	http://www.ebi.ac.uk/efo/EFO_0001180	EFO:0001180	FALSE	FALSE	FALSE	FALSE	FALSE
HCC4006_LUNG	HCC4006	HCC4006	http://www.ebi.ac.uk/efo/EFO_0003132	EFO:0003132	FALSE	FALSE	FALSE	FALSE	FALSE
HCC44_LUNG	HCC-44	HCC44	http://www.ebi.ac.uk/efo/EFO_0003133	EFO:0003133	FALSE	FALSE	FALSE	FALSE	FALSE
HCC70_BREAST	HCC70	HCC70	http://www.ebi.ac.uk/efo/EFO_0001181	EFO:0001181	FALSE	FALSE	FALSE	FALSE	FALSE
HCC78_LUNG	HCC-78	HCC78	http://www.ebi.ac.uk/efo/EFO_0003136	EFO:0003136	FALSE	FALSE	FALSE	FALSE	FALSE
HCC827_LUNG	HCC827	HCC827	http://www.ebi.ac.uk/efo/EFO_0003137	EFO:0003137	FALSE	FALSE	FALSE	FALSE	FALSE
HCC95_LUNG	HCC-95	HCC95	http://www.ebi.ac.uk/efo/EFO_0003138	EFO:0003138	FALSE	FALSE	FALSE	FALSE	FALSE
HCT15_LARGE_INTESTINE	HCT-15	HCT15	http://www.ebi.ac.uk/efo/EFO_0002188	EFO:0002188	FALSE	FALSE	FALSE	FALSE	FALSE
HCT8_LARGE_INTESTINE	HCT-8	HCT8	http://www.ebi.ac.uk/efo/EFO_0002189	EFO:0002189	FALSE	FALSE	FALSE	FALSE	FALSE
HDMYZ_HAEMATOPOIETIC_AND_LYMPHOID_TISSUE	HD-MY-Z	HDMYZ	http://www.ebi.ac.uk/efo/EFO_0002190	EFO:0002190	FALSE	FALSE	FALSE	FALSE	FALSE
HEC1A_ENDOMETRIUM	HEC-1-A	HEC1A	http://www.ebi.ac.uk/efo/EFO_0002191	EFO:0002191	FALSE	FALSE	FALSE	FALSE	FALSE
HEC1B_ENDOMETRIUM	HEC-1-B	HEC1B	http://www.ebi.ac.uk/efo/EFO_0002192	EFO:0002192	FALSE	FALSE	FALSE	FALSE	FALSE
HGC27_STOMACH	HGC-27	HGC-27	http://www.ebi.ac.uk/efo/EFO_0006581	EFO:0006581	FALSE	FALSE	FALSE	FALSE	FALSE
HH_HAEMATOPOIETIC_AND_LYMPHOID_TISSUE	HH	HH	http://www.ebi.ac.uk/efo/EFO_0002194	EFO:0002194	FALSE	FALSE	FALSE	FALSE	FALSE
HMCB_SKIN	HMCB	HMCB	http://www.ebi.ac.uk/efo/EFO_0002195	EFO:0002195	FALSE	FALSE	FALSE	FALSE	FALSE
HNT34	HNT34	HNT-34	http://www.ebi.ac.uk/efo/EFO_0006583	EFO:0006583	FALSE	FALSE	FALSE	FALSE	FALSE
HOP62_LUNG	HOP-62	HOP62	http://www.ebi.ac.uk/efo/EFO_0006439	EFO:0006439	FALSE	FALSE	FALSE	FALSE	FALSE
HOP92_LUNG	HOP-92	HOP92	http://www.ebi.ac.uk/efo/EFO_0006440	EFO:0006440	FALSE	FALSE	FALSE	FALSE	FALSE
HOS_BONE	HOS	HOS	http://www.ebi.ac.uk/efo/EFO_0002196	EFO:0002196	FALSE	FALSE	FALSE	FALSE	FALSE
HPAC_PANCREAS	HPAC	HPAC	http://www.ebi.ac.uk/efo/EFO_0002197	EFO:0002197	FALSE	FALSE	FALSE	FALSE	FALSE
HS255T_FIBROBLAST	Hs 255.T	Hs 255.T	http://www.ebi.ac.uk/efo/EFO_0006584	EFO:0006584	FALSE	FALSE	FALSE	FALSE	FALSE
HS294T_SKIN	Hs 294T	Hs 294T	http://www.ebi.ac.uk/efo/EFO_0006585	EFO:0006585	FALSE	FALSE	FALSE	FALSE	FALSE
HS675T_FIBROBLAST	Hs 675.T	Hs 675.T	http://www.ebi.ac.uk/efo/EFO_0006587	EFO:0006587	FALSE	FALSE	FALSE	FALSE	FALSE
HS683_CENTRAL_NERVOUS_SYSTEM	Hs 683	Hs 683	http://www.ebi.ac.uk/efo/EFO_0006441	EFO:0006441	FALSE	FALSE	FALSE	FALSE	FALSE
HS695T_SKIN	Hs 695T	Hs 695T	http://www.ebi.ac.uk/efo/EFO_0006588	EFO:0006588	FALSE	FALSE	FALSE	FALSE	FALSE
HS746T_STOMACH	Hs 746T	Hs 746T	http://www.ebi.ac.uk/efo/EFO_0006589	EFO:0006589	FALSE	FALSE	FALSE	FALSE	FALSE
HS766T_PANCREAS	Hs 766T	Hs 766T	http://www.ebi.ac.uk/efo/EFO_0006590	EFO:0006590	FALSE	FALSE	FALSE	FALSE	FALSE
HS839T_FIBROBLAST	Hs 839.T	Hs 839.T	http://www.ebi.ac.uk/efo/EFO_0006591	EFO:0006591	FALSE	FALSE	FALSE	FALSE	FALSE
HS852T_SKIN	Hs 852.T	Hs 852.T	http://www.ebi.ac.uk/efo/EFO_0006592	EFO:0006592	FALSE	FALSE	FALSE	FALSE	FALSE
HS895T_FIBROBLAST	Hs 895.T	Hs 895.T	http://www.ebi.ac.uk/efo/EFO_0006593	EFO:0006593	FALSE	FALSE	FALSE	FALSE	FALSE
HS936T_SKIN	Hs 936.T	Hs 936.T	http://www.ebi.ac.uk/efo/EFO_0006594	EFO:0006594	FALSE	FALSE	FALSE	FALSE	FALSE
HS940T_FIBROBLAST	Hs 940.T	Hs 940.T	http://www.ebi.ac.uk/efo/EFO_0006595	EFO:0006595	FALSE	FALSE	FALSE	FALSE	FALSE
HT1080_SOFT_TISSUE	HT-1080	HT1080	http://www.ebi.ac.uk/efo/EFO_0002059	EFO:0002059	FALSE	FALSE	FALSE	FALSE	FALSE
HT115_LARGE_INTESTINE	HT115	HT115	http://www.ebi.ac.uk/efo/EFO_0006442	EFO:0006442	FALSE	FALSE	FALSE	FALSE	FALSE
HT1197_URINARY_TRACT	HT-1197	HT1197	http://www.ebi.ac.uk/efo/EFO_0002202	EFO:0002202	FALSE	FALSE	FALSE	FALSE	FALSE
HT1376_URINARY_TRACT	HT-1376	HT1376	http://www.ebi.ac.uk/efo/EFO_0002203	EFO:0002203	FALSE	FALSE	FALSE	FALSE	FALSE
HT144_SKIN	HT-144	HT144	http://www.ebi.ac.uk/efo/EFO_0006443	EFO:0006443	FALSE	FALSE	FALSE	FALSE	FALSE
HT29_LARGE_INTESTINE	HT-29	HT-29	http://www.ebi.ac.uk/efo/EFO_0001193	EFO:0001193	FALSE	FALSE	FALSE	FALSE	FALSE
HT55_LARGE_INTESTINE	HT55	HT55	http://www.ebi.ac.uk/efo/EFO_0006444	EFO:0006444	FALSE	FALSE	FALSE	FALSE	FALSE
HT_HAEMATOPOIETIC_AND_LYMPHOID_TISSUE	HT	HT	http://www.ebi.ac.uk/efo/EFO_0002200	EFO:0002200	FALSE	FALSE	FALSE	FALSE	FALSE
HUH1_LIVER	huH-1	huH-1	http://www.ebi.ac.uk/efo/EFO_0006445	EFO:0006445	FALSE	FALSE	FALSE	FALSE	FALSE
HUNS1_HAEMATOPOIETIC_AND_LYMPHOID_TISSUE	HuNS1	HuNS1	http://www.ebi.ac.uk/efo/EFO_0002207	EFO:0002207	FALSE	FALSE	FALSE	FALSE	FALSE
HUPT3_PANCREAS	HUP-T3	HuP-T3	http://www.ebi.ac.uk/efo/EFO_0006596	EFO:0006596	FALSE	FALSE	FALSE	FALSE	FALSE
HUPT4_PANCREAS	HUP-T4	HuPT4	http://www.ebi.ac.uk/efo/EFO_0002208	EFO:0002208	FALSE	FALSE	FALSE	FALSE	FALSE
IGR37_SKIN	IGR-37	IGR-37	http://www.ebi.ac.uk/efo/EFO_0006597	EFO:0006597	FALSE	FALSE	FALSE	FALSE	FALSE
IGROV1_OVARY	IGROV1	IGROV-1	http://www.ebi.ac.uk/efo/EFO_0005385	EFO:0005385	FALSE	FALSE	FALSE	FALSE	FALSE
IM95_STOMACH	IM95	IM-95	http://www.ebi.ac.uk/efo/EFO_0006446	EFO:0006446	FALSE	FALSE	FALSE	FALSE	FALSE
IMR32_AUTONOMIC_GANGLIA	IMR-32	IMR-32	http://www.ebi.ac.uk/efo/EFO_0001195	EFO:0001195	FALSE	FALSE	FALSE	FALSE	FALSE
IPC298_SKIN	IPC-298	IPC-298	http://www.ebi.ac.uk/efo/EFO_0006447	EFO:0006447	FALSE	FALSE	FALSE	FALSE	FALSE
J82_URINARY_TRACT	J82	J82	http://www.ebi.ac.uk/efo/EFO_0002210	EFO:0002210	FALSE	FALSE	FALSE	FALSE	FALSE
JEKO1_HAEMATOPOIETIC_AND_LYMPHOID_TISSUE	JeKo-1	JeKo-1	http://www.ebi.ac.uk/efo/EFO_0005387	EFO:0005387	FALSE	FALSE	FALSE	FALSE	FALSE
JHH1_LIVER	JHH-1	JHH-1	http://www.ebi.ac.uk/efo/EFO_0006599	EFO:0006599	FALSE	FALSE	FALSE	FALSE	FALSE
JHH2_LIVER	JHH-2	JHH-2	http://www.ebi.ac.uk/efo/EFO_0006600	EFO:0006600	FALSE	FALSE	FALSE	FALSE	FALSE
JHH4_LIVER	JHH-4	JHH-4	http://www.ebi.ac.uk/efo/EFO_0006601	EFO:0006601	FALSE	FALSE	FALSE	FALSE	FALSE
JHH5_LIVER	JHH-5	JHH-5	http://www.ebi.ac.uk/efo/EFO_0006602	EFO:0006602	FALSE	FALSE	FALSE	FALSE	FALSE
JHH7_LIVER	JHH-7	JHH-7	http://www.ebi.ac.uk/efo/EFO_0006603	EFO:0006603	FALSE	FALSE	FALSE	FALSE	FALSE
JIMT1_BREAST	JIMT-1	JIMT-1	http://www.ebi.ac.uk/efo/EFO_0005388	EFO:0005388	FALSE	FALSE	FALSE	FALSE	FALSE
JJN3_HAEMATOPOIETIC_AND_LYMPHOID_TISSUE	JJN-3	JJN-3	http://www.ebi.ac.uk/efo/EFO_0006605	EFO:0006605	FALSE	FALSE	FALSE	FALSE	FALSE
JL1_PLEURA	JL-1	JL-1	http://www.ebi.ac.uk/efo/EFO_0006448	EFO:0006448	FALSE	FALSE	FALSE	FALSE	FALSE
JM1_HAEMATOPOIETIC_AND_LYMPHOID_TISSUE	JM1	JM1	http://www.ebi.ac.uk/efo/EFO_0002212	EFO:0002212	FALSE	FALSE	FALSE	FALSE	FALSE
JRT3T35	JRT3T35	JRT3T35	http://www.ebi.ac.uk/efo/EFO_0002213	EFO:0002213	FALSE	FALSE	FALSE	FALSE	FALSE
JVM2_HAEMATOPOIETIC_AND_LYMPHOID_TISSUE	JVM-2	JVM-2	http://www.ebi.ac.uk/efo/EFO_0005476	EFO:0005476	FALSE	FALSE	FALSE	FALSE	FALSE
JVM3_HAEMATOPOIETIC_AND_LYMPHOID_TISSUE	JVM-3	JVM3	http://www.ebi.ac.uk/efo/EFO_0002214	EFO:0002214	FALSE	FALSE	FALSE	FALSE	FALSE
KARPAS299_HAEMATOPOIETIC_AND_LYMPHOID_TISSUE	KARPAS-299	KARPAS 299	http://www.ebi.ac.uk/efo/EFO_0005390	EFO:0005390	FALSE	FALSE	FALSE	FALSE	FALSE
KARPAS422_HAEMATOPOIETIC_AND_LYMPHOID_TISSUE	KARPAS-422	Karpas 422	http://www.ebi.ac.uk/efo/EFO_0005719	EFO:0005719	FALSE	FALSE	FALSE	FALSE	FALSE
KARPAS620_HAEMATOPOIETIC_AND_LYMPHOID_TISSUE	KARPAS-620	KARPAS-620	http://www.ebi.ac.uk/efo/EFO_0006449	EFO:0006449	FALSE	FALSE	FALSE	FALSE	FALSE
KASUMI1_HAEMATOPOIETIC_AND_LYMPHOID_TISSUE	KASUMI-1	Kasumi-1	http://www.ebi.ac.uk/efo/EFO_0006607	EFO:0006607	FALSE	FALSE	FALSE	FALSE	FALSE
KASUMI2_HAEMATOPOIETIC_AND_LYMPHOID_TISSUE	KASUMI-2	Kasumi2	http://www.ebi.ac.uk/efo/EFO_0002224	EFO:0002224	FALSE	FALSE	FALSE	FALSE	FALSE
KCIMOH1_PANCREAS	KCI-MOH1	KCI-MOH1	http://www.ebi.ac.uk/efo/EFO_0006608	EFO:0006608	FALSE	FALSE	FALSE	FALSE	FALSE
KELLY_AUTONOMIC_GANGLIA	KELLY	KELLY	http://www.ebi.ac.uk/efo/EFO_0002069	EFO:0002069	FALSE	FALSE	FALSE	FALSE	FALSE
KG1_HAEMATOPOIETIC_AND_LYMPHOID_TISSUE	KG-1	KG1	http://www.ebi.ac.uk/efo/EFO_0002218	EFO:0002218	FALSE	FALSE	FALSE	FALSE	FALSE
KHM1B_HAEMATOPOIETIC_AND_LYMPHOID_TISSUE	KHM-1B	KHM-1B	http://www.ebi.ac.uk/efo/EFO_0006609	EFO:0006609	FALSE	FALSE	FALSE	FALSE	FALSE
KLE_ENDOMETRIUM	KLE	KLE	http://www.ebi.ac.uk/efo/EFO_0002220	EFO:0002220	FALSE	FALSE	FALSE	FALSE	FALSE
KLM1_PANCREAS	KLM-1	KLM-1	http://www.ebi.ac.uk/efo/EFO_0006610	EFO:0006610	FALSE	FALSE	FALSE	FALSE	FALSE
KM12_LARGE_INTESTINE	KM12	KM12	http://www.ebi.ac.uk/efo/EFO_0006282	EFO:0006282	FALSE	FALSE	FALSE	FALSE	FALSE
KMM1_HAEMATOPOIETIC_AND_LYMPHOID_TISSUE	KMM-1	KMM-1	http://www.ebi.ac.uk/efo/EFO_0006611	EFO:0006611	FALSE	FALSE	FALSE	FALSE	FALSE
KMS11_HAEMATOPOIETIC_AND_LYMPHOID_TISSUE	KMS-11	KMS-11	http://www.ebi.ac.uk/efo/EFO_0005694	EFO:0005694	FALSE	FALSE	FALSE	FALSE	FALSE
KMS12BM_HAEMATOPOIETIC_AND_LYMPHOID_TISSUE	KMS-12-BM	KMS-12-BM	http://www.ebi.ac.uk/efo/EFO_0006612	EFO:0006612	FALSE	FALSE	FALSE	FALSE	FALSE
KMS21BM_HAEMATOPOIETIC_AND_LYMPHOID_TISSUE	KMS-21BM	KMS-21-BM	http://www.ebi.ac.uk/efo/EFO_0006614	EFO:0006614	FALSE	FALSE	FALSE	FALSE	FALSE
KMS26_HAEMATOPOIETIC_AND_LYMPHOID_TISSUE	KMS-26	KMS-26	http://www.ebi.ac.uk/efo/EFO_0006615	EFO:0006615	FALSE	FALSE	FALSE	FALSE	FALSE
KMS27_HAEMATOPOIETIC_AND_LYMPHOID_TISSUE	KMS-27	KMS-27	http://www.ebi.ac.uk/efo/EFO_0006616	EFO:0006616	FALSE	FALSE	FALSE	FALSE	FALSE
KMS28BM_HAEMATOPOIETIC_AND_LYMPHOID_TISSUE	KMS-28BM	KMS-28BM	http://www.ebi.ac.uk/efo/EFO_0006617	EFO:0006617	FALSE	FALSE	FALSE	FALSE	FALSE
KMS34_HAEMATOPOIETIC_AND_LYMPHOID_TISSUE	KMS-34	KMS-34	http://www.ebi.ac.uk/efo/EFO_0006619	EFO:0006619	FALSE	FALSE	FALSE	FALSE	FALSE
KNS62_LUNG	KNS-62	KNS-62	http://www.ebi.ac.uk/efo/EFO_0006620	EFO:0006620	FALSE	FALSE	FALSE	FALSE	FALSE
KP2_PANCREAS	KP-2	KP-2	http://www.ebi.ac.uk/efo/EFO_0006621	EFO:0006621	FALSE	FALSE	FALSE	FALSE	FALSE
KP3_PANCREAS	KP-3	KP-3	http://www.ebi.ac.uk/efo/EFO_0006622	EFO:0006622	FALSE	FALSE	FALSE	FALSE	FALSE
KP4_PANCREAS	KP4	KP-4	http://www.ebi.ac.uk/efo/EFO_0006623	EFO:0006623	FALSE	FALSE	FALSE	FALSE	FALSE
KPL1_BREAST	KPL-1	KPL1	http://www.ebi.ac.uk/efo/EFO_0002221	EFO:0002221	FALSE	FALSE	FALSE	FALSE	FALSE
KU812_HAEMATOPOIETIC_AND_LYMPHOID_TISSUE	KU812	KU812	http://www.ebi.ac.uk/efo/EFO_0002222	EFO:0002222	FALSE	FALSE	FALSE	FALSE	FALSE
KURAMOCHI_OVARY	KURAMOCHI	KURAMOCHI	http://www.ebi.ac.uk/efo/EFO_0006625	EFO:0006625	FALSE	FALSE	FALSE	FALSE	FALSE
KYSE140_OESOPHAGUS	KYSE-140	KYSE-140	http://www.ebi.ac.uk/efo/EFO_0006626	EFO:0006626	FALSE	FALSE	FALSE	FALSE	FALSE
KYSE150_OESOPHAGUS	KYSE-150	KYSE-150	http://www.ebi.ac.uk/efo/EFO_0006627	EFO:0006627	FALSE	FALSE	FALSE	FALSE	FALSE
KYSE180_OESOPHAGUS	KYSE-180	KYSE-180	http://www.ebi.ac.uk/efo/EFO_0006628	EFO:0006628	FALSE	FALSE	FALSE	FALSE	FALSE
KYSE270_OESOPHAGUS	KYSE-270	KYSE-270	http://www.ebi.ac.uk/efo/EFO_0006629	EFO:0006629	FALSE	FALSE	FALSE	FALSE	FALSE
KYSE30_OESOPHAGUS	KYSE-30	KYSE30	http://www.ebi.ac.uk/efo/EFO_0002223	EFO:0002223	FALSE	FALSE	FALSE	FALSE	FALSE
KYSE450_OESOPHAGUS	KYSE-450	KYSE-450	http://www.ebi.ac.uk/efo/EFO_0006630	EFO:0006630	FALSE	FALSE	FALSE	FALSE	FALSE
KYSE510_OESOPHAGUS	KYSE-510	KYSE-510	http://www.ebi.ac.uk/efo/EFO_0006631	EFO:0006631	FALSE	FALSE	FALSE	FALSE	FALSE
KYSE520_OESOPHAGUS	KYSE-520	KYSE-520	http://www.ebi.ac.uk/efo/EFO_0006632	EFO:0006632	FALSE	FALSE	FALSE	FALSE	FALSE
KYSE70_OESOPHAGUS	KYSE-70	KYSE-70	http://www.ebi.ac.uk/efo/EFO_0006633	EFO:0006633	FALSE	FALSE	FALSE	FALSE	FALSE
L363_HAEMATOPOIETIC_AND_LYMPHOID_TISSUE	L-363	L-363	http://www.ebi.ac.uk/efo/EFO_0006450	EFO:0006450	FALSE	FALSE	FALSE	FALSE	FALSE
L428_HAEMATOPOIETIC_AND_LYMPHOID_TISSUE	L-428	L428	http://www.ebi.ac.uk/efo/EFO_0002225	EFO:0002225	FALSE	FALSE	FALSE	FALSE	FALSE
LC1F_LUNG	LC-1F	LC-1F	http://www.ebi.ac.uk/efo/EFO_0002827	EFO:0002827	FALSE	FALSE	FALSE	FALSE	FALSE
LCLC103H_LUNG	LCLC-103H	LCLC-103H	http://www.ebi.ac.uk/efo/EFO_0006634	EFO:0006634	FALSE	FALSE	FALSE	FALSE	FALSE
LCLC97TM1_LUNG	LCLC-97TM1	LCLC-97TM1	http://www.ebi.ac.uk/efo/EFO_0006635	EFO:0006635	FALSE	FALSE	FALSE	FALSE	FALSE
LN18_CENTRAL_NERVOUS_SYSTEM	LN-18	LN-18	http://www.ebi.ac.uk/efo/EFO_0006636	EFO:0006636	FALSE	FALSE	FALSE	FALSE	FALSE
LN229_CENTRAL_NERVOUS_SYSTEM	LN-229	LN-229	http://www.ebi.ac.uk/efo/EFO_0006637	EFO:0006637	FALSE	FALSE	FALSE	FALSE	FALSE
LNCAPCLONEFGC_PROSTATE	LNCaP clone FGC	LNCaP clone FGC	http://www.ebi.ac.uk/efo/EFO_0005726	EFO:0005726	FALSE	FALSE	FALSE	FALSE	FALSE
LOUCY_HAEMATOPOIETIC_AND_LYMPHOID_TISSUE	Loucy	Loucy	http://www.ebi.ac.uk/efo/EFO_0007112	EFO:0007112	FALSE	FALSE	FALSE	FALSE	FALSE
LOUNH91_LUNG	LOU-NH91	LOU-NH91	http://www.ebi.ac.uk/efo/EFO_0006638	EFO:0006638	FALSE	FALSE	FALSE	FALSE	FALSE
LOVO_LARGE_INTESTINE	LoVo	LoVo	http://www.ebi.ac.uk/efo/EFO_0006639	EFO:0006639	FALSE	FALSE	FALSE	FALSE	FALSE
LOXIMVI_SKIN	LOX IMVI	LOXIMVI	http://www.ebi.ac.uk/efo/EFO_0006284	EFO:0006284	FALSE	FALSE	FALSE	FALSE	FALSE
LS1034_LARGE_INTESTINE	LS1034	LS1034	http://www.ebi.ac.uk/efo/EFO_0002226	EFO:0002226	FALSE	FALSE	FALSE	FALSE	FALSE
LS180_LARGE_INTESTINE	LS 180	LS 180	http://www.ebi.ac.uk/efo/EFO_0006640	EFO:0006640	FALSE	FALSE	FALSE	FALSE	FALSE
LXF289_LUNG	LXF-289	LXF-289	http://www.ebi.ac.uk/efo/EFO_0006641	EFO:0006641	FALSE	FALSE	FALSE	FALSE	FALSE
M059K_CENTRAL_NERVOUS_SYSTEM	M059K	M059K	http://www.ebi.ac.uk/efo/EFO_0006451	EFO:0006451	FALSE	FALSE	FALSE	FALSE	FALSE
MALME3M_SKIN	Malme-3M	Malme3M	http://www.ebi.ac.uk/efo/EFO_0002243	EFO:0002243	FALSE	FALSE	FALSE	FALSE	FALSE
MC116_HAEMATOPOIETIC_AND_LYMPHOID_TISSUE	MC116	MC116	http://www.ebi.ac.uk/efo/EFO_0002228	EFO:0002228	FALSE	FALSE	FALSE	FALSE	FALSE
MCAS_OVARY	MCAS	MCAS	http://www.ebi.ac.uk/efo/EFO_0006453	EFO:0006453	FALSE	FALSE	FALSE	FALSE	FALSE
MDAMB134VI_BREAST	MDA-MB-134-VI	MDAMB134VI	http://www.ebi.ac.uk/efo/EFO_0001205	EFO:0001205	FALSE	FALSE	FALSE	FALSE	FALSE
MDAMB157_BREAST	MDA-MB-157	MDAMB157	http://www.ebi.ac.uk/efo/EFO_0001206	EFO:0001206	FALSE	FALSE	FALSE	FALSE	FALSE
MDAMB175VII_BREAST	MDA-MB-175-VII	MDAMB175VII	http://www.ebi.ac.uk/efo/EFO_0001208	EFO:0001208	FALSE	FALSE	FALSE	FALSE	FALSE
MDAMB231_BREAST	MDA-MB-231	MDAMB231	http://www.ebi.ac.uk/efo/EFO_0001209	EFO:0001209	FALSE	FALSE	FALSE	FALSE	FALSE
MDAMB361_BREAST	MDA-MB-361	MDAMB361	http://www.ebi.ac.uk/efo/EFO_0001211	EFO:0001211	FALSE	FALSE	FALSE	FALSE	FALSE
MDAMB415_BREAST	MDA-MB-415	MDAMB415	http://www.ebi.ac.uk/efo/EFO_0001212	EFO:0001212	FALSE	FALSE	FALSE	FALSE	FALSE
MDAMB436_BREAST	MDA-MB-436	MDAMB436	http://www.ebi.ac.uk/efo/EFO_0001214	EFO:0001214	FALSE	FALSE	FALSE	FALSE	FALSE
MDAMB453_BREAST	MDA-MB-453	MDAMB453	http://www.ebi.ac.uk/efo/EFO_0001215	EFO:0001215	FALSE	FALSE	FALSE	FALSE	FALSE
MDAMB468_BREAST	MDA-MB-468	MDAMB468	http://www.ebi.ac.uk/efo/EFO_0001216	EFO:0001216	FALSE	FALSE	FALSE	FALSE	FALSE
MDST8_LARGE_INTESTINE	MDST8	MDST8	http://www.ebi.ac.uk/efo/EFO_0006644	EFO:0006644	FALSE	FALSE	FALSE	FALSE	FALSE
ME1_HAEMATOPOIETIC_AND_LYMPHOID_TISSUE	ME-1	ME-1	http://www.ebi.ac.uk/efo/EFO_0006645	EFO:0006645	FALSE	FALSE	FALSE	FALSE	FALSE
MEC1_HAEMATOPOIETIC_AND_LYMPHOID_TISSUE	MEC-1	MEC1	http://www.ebi.ac.uk/efo/EFO_0002231	EFO:0002231	FALSE	FALSE	FALSE	FALSE	FALSE
MEC2_HAEMATOPOIETIC_AND_LYMPHOID_TISSUE	MEC-2	MEC2	http://www.ebi.ac.uk/efo/EFO_0006285	EFO:0006285	FALSE	FALSE	FALSE	FALSE	FALSE
MEG01_HAEMATOPOIETIC_AND_LYMPHOID_TISSUE	MEG-01	MEG01	http://www.ebi.ac.uk/efo/EFO_0002232	EFO:0002232	FALSE	FALSE	FALSE	FALSE	FALSE
MELHO_SKIN	MEL-HO	MEL-HO	http://www.ebi.ac.uk/efo/EFO_0006647	EFO:0006647	FALSE	FALSE	FALSE	FALSE	FALSE
MESSA_SOFT_TISSUE	MES-SA	MESSA	http://www.ebi.ac.uk/efo/EFO_0002233	EFO:0002233	FALSE	FALSE	FALSE	FALSE	FALSE
MEWO_SKIN	MeWo	MeWo	http://www.ebi.ac.uk/efo/EFO_0006648	EFO:0006648	FALSE	FALSE	FALSE	FALSE	FALSE
MG63_BONE	MG-63	MG63	http://www.ebi.ac.uk/efo/EFO_0002234	EFO:0002234	FALSE	FALSE	FALSE	FALSE	FALSE
MHHES1_BONE	MHH-ES-1	MHH-ES-1	http://www.ebi.ac.uk/efo/EFO_0006650	EFO:0006650	FALSE	FALSE	FALSE	FALSE	FALSE
MHHNB11_AUTONOMIC_GANGLIA	MHH-NB-11	MHH-NB-11	http://www.ebi.ac.uk/efo/EFO_0006651	EFO:0006651	FALSE	FALSE	FALSE	FALSE	FALSE
MIAPACA2_PANCREAS	MIA PaCa-2	MIA Paca-2	http://www.ebi.ac.uk/efo/EFO_0002236	EFO:0002236	FALSE	FALSE	FALSE	FALSE	FALSE
MJ_HAEMATOPOIETIC_AND_LYMPHOID_TISSUE	MJ	MJ	http://www.ebi.ac.uk/efo/EFO_0002237	EFO:0002237	FALSE	FALSE	FALSE	FALSE	FALSE
MOLM16_HAEMATOPOIETIC_AND_LYMPHOID_TISSUE	MOLM-16	MOLM-16	http://www.ebi.ac.uk/efo/EFO_0006652	EFO:0006652	FALSE	FALSE	FALSE	FALSE	FALSE
MOLP2_HAEMATOPOIETIC_AND_LYMPHOID_TISSUE	MOLP-2	MOLP-2	http://www.ebi.ac.uk/efo/EFO_0006653	EFO:0006653	FALSE	FALSE	FALSE	FALSE	FALSE
MOLP8_HAEMATOPOIETIC_AND_LYMPHOID_TISSUE	MOLP-8	MOLP-8	http://www.ebi.ac.uk/efo/EFO_0006654	EFO:0006654	FALSE	FALSE	FALSE	FALSE	FALSE
MOLT16_HAEMATOPOIETIC_AND_LYMPHOID_TISSUE	MOLT-16	MOLT16	http://www.ebi.ac.uk/efo/EFO_0002239	EFO:0002239	FALSE	FALSE	FALSE	FALSE	FALSE
MOLT3_HAEMATOPOIETIC_AND_LYMPHOID_TISSUE	MOLT-3	MOLT-3	http://www.ebi.ac.uk/efo/EFO_0005265	EFO:0005265	FALSE	FALSE	FALSE	FALSE	FALSE
MOLT4_HAEMATOPOIETIC_AND_LYMPHOID_TISSUE	MOLT-4	MOLT-4	http://www.ebi.ac.uk/efo/EFO_0001220	EFO:0001220	FALSE	FALSE	FALSE	FALSE	FALSE
MONOMAC6_HAEMATOPOIETIC_AND_LYMPHOID_TISSUE	MONO-MAC-6	Mono Mac 6	http://www.ebi.ac.uk/efo/EFO_0006287	EFO:0006287	FALSE	FALSE	FALSE	FALSE	FALSE
MUTZ3_HAEMATOPOIETIC_AND_LYMPHOID_TISSUE	MUTZ-3	MUTZ-3	http://www.ebi.ac.uk/efo/EFO_0005395	EFO:0005395	FALSE	FALSE	FALSE	FALSE	FALSE
NALM1_HAEMATOPOIETIC_AND_LYMPHOID_TISSUE	NALM-1	NALM1	http://www.ebi.ac.uk/efo/EFO_0002244	EFO:0002244	FALSE	FALSE	FALSE	FALSE	FALSE
NALM6_HAEMATOPOIETIC_AND_LYMPHOID_TISSUE	NALM-6	NALM6	http://www.ebi.ac.uk/efo/EFO_0002245	EFO:0002245	FALSE	FALSE	FALSE	FALSE	FALSE
NAMALWA_HAEMATOPOIETIC_AND_LYMPHOID_TISSUE	NAMALWA	NAMALWA	http://www.ebi.ac.uk/efo/EFO_0002246	EFO:0002246	FALSE	FALSE	FALSE	FALSE	FALSE
NB4_HAEMATOPOIETIC_AND_LYMPHOID_TISSUE	NB-4	NB4	http://www.ebi.ac.uk/efo/EFO_0002798	EFO:0002798	FALSE	FALSE	FALSE	FALSE	FALSE
NCIH1092_LUNG	NCI-H1092	NCI-H1092	http://www.ebi.ac.uk/efo/EFO_0002249	EFO:0002249	FALSE	FALSE	FALSE	FALSE	FALSE
NCIH1155_LUNG	NCI-H1155	NCI-H1155	http://www.ebi.ac.uk/efo/EFO_0002250	EFO:0002250	FALSE	FALSE	FALSE	FALSE	FALSE
NCIH1299_LUNG	NCI-H1299	NCI-H1299	http://www.ebi.ac.uk/efo/EFO_0003043	EFO:0003043	FALSE	FALSE	FALSE	FALSE	FALSE
NCIH1355_LUNG	NCI-H1355	NCI-H1355	http://www.ebi.ac.uk/efo/EFO_0002251	EFO:0002251	FALSE	FALSE	FALSE	FALSE	FALSE
NCIH1373_LUNG	NCI-H1373	NCI-H1373	http://www.ebi.ac.uk/efo/EFO_0006657	EFO:0006657	FALSE	FALSE	FALSE	FALSE	FALSE
NCIH1395_LUNG	NCI-H1395	NCI-H1395	http://www.ebi.ac.uk/efo/EFO_0002252	EFO:0002252	FALSE	FALSE	FALSE	FALSE	FALSE
NCIH1435_LUNG	NCI-H1435	NCI-H1435	http://www.ebi.ac.uk/efo/EFO_0006658	EFO:0006658	FALSE	FALSE	FALSE	FALSE	FALSE
NCIH1436_LUNG	NCI-H1436	NCI-H1436	http://www.ebi.ac.uk/efo/EFO_0002253	EFO:0002253	FALSE	FALSE	FALSE	FALSE	FALSE
NCIH1437_LUNG	NCI-H1437	NCI-H1437	http://www.ebi.ac.uk/efo/EFO_0002254	EFO:0002254	FALSE	FALSE	FALSE	FALSE	FALSE
NCIH146_LUNG	NCI-H146	NCI-H146	http://www.ebi.ac.uk/efo/EFO_0006659	EFO:0006659	FALSE	FALSE	FALSE	FALSE	FALSE
NCIH1563_LUNG	NCI-H1563	NCI-H1563	http://www.ebi.ac.uk/efo/EFO_0002255	EFO:0002255	FALSE	FALSE	FALSE	FALSE	FALSE
NCIH1568_LUNG	NCI-H1568	NCI-H1568	http://www.ebi.ac.uk/efo/EFO_0006660	EFO:0006660	FALSE	FALSE	FALSE	FALSE	FALSE
NCIH1573_LUNG	NCI-H1573	NCI-H1573	http://www.ebi.ac.uk/efo/EFO_0002256	EFO:0002256	FALSE	FALSE	FALSE	FALSE	FALSE
NCIH1581_LUNG	NCI-H1581	NCI-H1581	http://www.ebi.ac.uk/efo/EFO_0002257	EFO:0002257	FALSE	FALSE	FALSE	FALSE	FALSE
NCIH1618_LUNG	NCI-H1618	NCI-H1618	http://www.ebi.ac.uk/efo/EFO_0002258	EFO:0002258	FALSE	FALSE	FALSE	FALSE	FALSE
NCIH1623_LUNG	NCI-H1623	NCI-H1623	http://www.ebi.ac.uk/efo/EFO_0002259	EFO:0002259	FALSE	FALSE	FALSE	FALSE	FALSE
NCIH1648_LUNG	NCI-H1648	NCI-H1648	http://www.ebi.ac.uk/efo/EFO_0003119	EFO:0003119	FALSE	FALSE	FALSE	FALSE	FALSE
NCIH1650_LUNG	NCI-H1650	NCI-H1650	http://www.ebi.ac.uk/efo/EFO_0002260	EFO:0002260	FALSE	FALSE	FALSE	FALSE	FALSE
NCIH1651_LUNG	NCI-H1651	NCI-H1651	http://www.ebi.ac.uk/efo/EFO_0002261	EFO:0002261	FALSE	FALSE	FALSE	FALSE	FALSE
NCIH1666_LUNG	NCI-H1666	NCI-H1666	http://www.ebi.ac.uk/efo/EFO_0002262	EFO:0002262	FALSE	FALSE	FALSE	FALSE	FALSE
NCIH1693_LUNG	NCI-H1693	NCI-H1693	http://www.ebi.ac.uk/efo/EFO_0006661	EFO:0006661	FALSE	FALSE	FALSE	FALSE	FALSE
NCIH1694_LUNG	NCI-H1694	NCI-H1694	http://www.ebi.ac.uk/efo/EFO_0002263	EFO:0002263	FALSE	FALSE	FALSE	FALSE	FALSE
NCIH1703_LUNG	NCI-H1703	NCI-H1703	http://www.ebi.ac.uk/efo/EFO_0002264	EFO:0002264	FALSE	FALSE	FALSE	FALSE	FALSE
NCIH1734_LUNG	NCI-H1734	NCI-H1734	http://www.ebi.ac.uk/efo/EFO_0006662	EFO:0006662	FALSE	FALSE	FALSE	FALSE	FALSE
NCIH1781_LUNG	NCI-H1781	NCI-H1781	http://www.ebi.ac.uk/efo/EFO_0006663	EFO:0006663	FALSE	FALSE	FALSE	FALSE	FALSE
NCIH1792_LUNG	NCI-H1792	NCI-H1792	http://www.ebi.ac.uk/efo/EFO_0002266	EFO:0002266	FALSE	FALSE	FALSE	FALSE	FALSE
NCIH1793_LUNG	NCI-H1793	NCI-H1793	http://www.ebi.ac.uk/efo/EFO_0002267	EFO:0002267	FALSE	FALSE	FALSE	FALSE	FALSE
NCIH1838_LUNG	NCI-H1838	NCI-H1838	http://www.ebi.ac.uk/efo/EFO_0002268	EFO:0002268	FALSE	FALSE	FALSE	FALSE	FALSE
NCIH1869_LUNG	NCI-H1869	NCI-H1869	http://www.ebi.ac.uk/efo/EFO_0006664	EFO:0006664	FALSE	FALSE	FALSE	FALSE	FALSE
NCIH1915_LUNG	NCI-H1915	NCI-H1915	http://www.ebi.ac.uk/efo/EFO_0006666	EFO:0006666	FALSE	FALSE	FALSE	FALSE	FALSE
NCIH1930_LUNG	NCI-H1930	NCI-H1930	http://www.ebi.ac.uk/efo/EFO_0002270	EFO:0002270	FALSE	FALSE	FALSE	FALSE	FALSE
NCIH1944_LUNG	NCI-H1944	NCI-H1944	http://www.ebi.ac.uk/efo/EFO_0006667	EFO:0006667	FALSE	FALSE	FALSE	FALSE	FALSE
NCIH196_LUNG	NCI-H196	NCI-H196	http://www.ebi.ac.uk/efo/EFO_0006668	EFO:0006668	FALSE	FALSE	FALSE	FALSE	FALSE
NCIH1975_LUNG	NCI-H1975	NCI-H1975	http://www.ebi.ac.uk/efo/EFO_0002271	EFO:0002271	FALSE	FALSE	FALSE	FALSE	FALSE
NCIH2009_LUNG	NCI-H2009	NCI-H2009	http://www.ebi.ac.uk/efo/EFO_0002273	EFO:0002273	FALSE	FALSE	FALSE	FALSE	FALSE
NCIH2023_LUNG	NCI-H2023	NCI-H2023	http://www.ebi.ac.uk/efo/EFO_0006669	EFO:0006669	FALSE	FALSE	FALSE	FALSE	FALSE
NCIH2030_LUNG	NCI-H2030	NCI-H2030	http://www.ebi.ac.uk/efo/EFO_0002274	EFO:0002274	FALSE	FALSE	FALSE	FALSE	FALSE
NCIH2052_PLEURA	NCI-H2052	NCI-H2052	http://www.ebi.ac.uk/efo/EFO_0002275	EFO:0002275	FALSE	FALSE	FALSE	FALSE	FALSE
NCIH2073_LUNG	NCI-H2073	NCI-H2073	http://www.ebi.ac.uk/efo/EFO_0006670	EFO:0006670	FALSE	FALSE	FALSE	FALSE	FALSE
NCIH2081_LUNG	NCI-H2081	NCI-H2081	http://www.ebi.ac.uk/efo/EFO_0002276	EFO:0002276	FALSE	FALSE	FALSE	FALSE	FALSE
NCIH2087_LUNG	NCI-H2087	NCI-H2087	http://www.ebi.ac.uk/efo/EFO_0002277	EFO:0002277	FALSE	FALSE	FALSE	FALSE	FALSE
NCIH209_LUNG	NCI-H209	NCI-H209	http://www.ebi.ac.uk/efo/EFO_0006671	EFO:0006671	FALSE	FALSE	FALSE	FALSE	FALSE
NCIH2106_LUNG	NCI-H2106	NCI-H2106	http://www.ebi.ac.uk/efo/EFO_0006672	EFO:0006672	FALSE	FALSE	FALSE	FALSE	FALSE
NCIH2107	NCIH2107	NCI-H2107	http://www.ebi.ac.uk/efo/EFO_0002278	EFO:0002278	FALSE	FALSE	FALSE	FALSE	FALSE
NCIH2110_LUNG	NCI-H2110	NCI-H2110	http://www.ebi.ac.uk/efo/EFO_0006673	EFO:0006673	FALSE	FALSE	FALSE	FALSE	FALSE
NCIH2122_LUNG	NCI-H2122	NCI-H2122	http://www.ebi.ac.uk/efo/EFO_0002279	EFO:0002279	FALSE	FALSE	FALSE	FALSE	FALSE
NCIH2126_LUNG	NCI-H2126	NCI-H2126	http://www.ebi.ac.uk/efo/EFO_0002280	EFO:0002280	FALSE	FALSE	FALSE	FALSE	FALSE
NCIH2170_LUNG	NCI-H2170	NCI-H2170	http://www.ebi.ac.uk/efo/EFO_0002281	EFO:0002281	FALSE	FALSE	FALSE	FALSE	FALSE
NCIH2171_LUNG	NCI-H2171	NCI-H2171	http://www.ebi.ac.uk/efo/EFO_0002282	EFO:0002282	FALSE	FALSE	FALSE	FALSE	FALSE
NCIH2172_LUNG	NCI-H2172	NCI-H2172	http://www.ebi.ac.uk/efo/EFO_0006675	EFO:0006675	FALSE	FALSE	FALSE	FALSE	FALSE
NCIH2196_LUNG	NCI-H2196	NCI-H2196	http://www.ebi.ac.uk/efo/EFO_0006676	EFO:0006676	FALSE	FALSE	FALSE	FALSE	FALSE
NCIH2228_LUNG	NCI-H2228	NCI-H2228	http://www.ebi.ac.uk/efo/EFO_0002284	EFO:0002284	FALSE	FALSE	FALSE	FALSE	FALSE
NCIH226_LUNG	NCI-H226	NCI-H226	http://www.ebi.ac.uk/efo/EFO_0002285	EFO:0002285	FALSE	FALSE	FALSE	FALSE	FALSE
NCIH2347_LUNG	NCI-H2347	NCI-H2347	http://www.ebi.ac.uk/efo/EFO_0002287	EFO:0002287	FALSE	FALSE	FALSE	FALSE	FALSE
NCIH23_LUNG	NCI-H23	NCI-H23	http://www.ebi.ac.uk/efo/EFO_0002286	EFO:0002286	FALSE	FALSE	FALSE	FALSE	FALSE
NCIH2405_LUNG	NCI-H2405	NCI-H2405	http://www.ebi.ac.uk/efo/EFO_0002288	EFO:0002288	FALSE	FALSE	FALSE	FALSE	FALSE
NCIH2452_PLEURA	NCI-H2452	NCI-H2452	http://www.ebi.ac.uk/efo/EFO_0006680	EFO:0006680	FALSE	FALSE	FALSE	FALSE	FALSE
NCIH28_PLEURA	NCI-H28	NCI-H28	http://www.ebi.ac.uk/efo/EFO_0006686	EFO:0006686	FALSE	FALSE	FALSE	FALSE	FALSE
NCIH292_LUNG	NCI-H292	NCI-H292	http://www.ebi.ac.uk/efo/EFO_0006690	EFO:0006690	FALSE	FALSE	FALSE	FALSE	FALSE
NCIH322_LUNG	NCI-H322	NCI-H322T	http://www.ebi.ac.uk/efo/EFO_0006691	EFO:0006691	FALSE	FALSE	FALSE	FALSE	FALSE
NCIH3255_LUNG	NCI-H3255	NCI-H3255	http://www.ebi.ac.uk/efo/EFO_0003123	EFO:0003123	FALSE	FALSE	FALSE	FALSE	FALSE
NCIH358_LUNG	NCI-H358	NCI-H358	http://www.ebi.ac.uk/efo/EFO_0002291	EFO:0002291	FALSE	FALSE	FALSE	FALSE	FALSE
NCIH441_LUNG	NCI-H441	NCI-H441	http://www.ebi.ac.uk/efo/EFO_0002292	EFO:0002292	FALSE	FALSE	FALSE	FALSE	FALSE
NCIH446_LUNG	NCI-H446	NCI-H446	http://www.ebi.ac.uk/efo/EFO_0002293	EFO:0002293	FALSE	FALSE	FALSE	FALSE	FALSE
NCIH460_LUNG	NCI-H460	NCI-H460	http://www.ebi.ac.uk/efo/EFO_0003044	EFO:0003044	FALSE	FALSE	FALSE	FALSE	FALSE
NCIH508_LARGE_INTESTINE	NCI-H508	NCI-H508	http://www.ebi.ac.uk/efo/EFO_0002294	EFO:0002294	FALSE	FALSE	FALSE	FALSE	FALSE
NCIH520_LUNG	NCI-H520	NCI-H520	http://www.ebi.ac.uk/efo/EFO_0003124	EFO:0003124	FALSE	FALSE	FALSE	FALSE	FALSE
NCIH522_LUNG	NCI-H522	NCI-H522	http://www.ebi.ac.uk/efo/EFO_0002295	EFO:0002295	FALSE	FALSE	FALSE	FALSE	FALSE
NCIH524_LUNG	NCI-H524	NCI-H524	http://www.ebi.ac.uk/efo/EFO_0002296	EFO:0002296	FALSE	FALSE	FALSE	FALSE	FALSE
NCIH596_LUNG	NCI-H596	NCI-H596	http://www.ebi.ac.uk/efo/EFO_0006694	EFO:0006694	FALSE	FALSE	FALSE	FALSE	FALSE
NCIH650_LUNG	NCI-H650	NCI-H650	http://www.ebi.ac.uk/efo/EFO_0002298	EFO:0002298	FALSE	FALSE	FALSE	FALSE	FALSE
NCIH661_LUNG	NCI-H661	NCI-H661	http://www.ebi.ac.uk/efo/EFO_0002299	EFO:0002299	FALSE	FALSE	FALSE	FALSE	FALSE
NCIH69_LUNG	NCI-H69	NCI-H69	http://www.ebi.ac.uk/efo/EFO_0002300	EFO:0002300	FALSE	FALSE	FALSE	FALSE	FALSE
NCIH716_LARGE_INTESTINE	NCI-H716	NCI-H716	http://www.ebi.ac.uk/efo/EFO_0002301	EFO:0002301	FALSE	FALSE	FALSE	FALSE	FALSE
NCIH727_LUNG	NCI-H727	NCI-H727	http://www.ebi.ac.uk/efo/EFO_0006695	EFO:0006695	FALSE	FALSE	FALSE	FALSE	FALSE
NCIH747_LARGE_INTESTINE	NCI-H747	NCI-H747	http://www.ebi.ac.uk/efo/EFO_0002303	EFO:0002303	FALSE	FALSE	FALSE	FALSE	FALSE
NCIH810_LUNG	NCI-H810	NCI-H810	http://www.ebi.ac.uk/efo/EFO_0002305	EFO:0002305	FALSE	FALSE	FALSE	FALSE	FALSE
NCIH82_LUNG	NCI-H82	NCI-H82	http://www.ebi.ac.uk/efo/EFO_0002306	EFO:0002306	FALSE	FALSE	FALSE	FALSE	FALSE
NCIH838_LUNG	NCI-H838	NCI-H838	http://www.ebi.ac.uk/efo/EFO_0002307	EFO:0002307	FALSE	FALSE	FALSE	FALSE	FALSE
NCIH889_LUNG	NCI-H889	NCI-H889	http://www.ebi.ac.uk/efo/EFO_0006697	EFO:0006697	FALSE	FALSE	FALSE	FALSE	FALSE
NCIH929_HAEMATOPOIETIC_AND_LYMPHOID_TISSUE	NCI-H929	NCI-H929	http://www.ebi.ac.uk/efo/EFO_0001221	EFO:0001221	FALSE	FALSE	FALSE	FALSE	FALSE
NCIN87_STOMACH	NCI-N87	NCI-N87	http://www.ebi.ac.uk/efo/EFO_0002841	EFO:0002841	FALSE	FALSE	FALSE	FALSE	FALSE
NUDUL1_HAEMATOPOIETIC_AND_LYMPHOID_TISSUE	NU-DUL-1	NU-DUL-1	http://www.ebi.ac.uk/efo/EFO_0006700	EFO:0006700	FALSE	FALSE	FALSE	FALSE	FALSE
NUGC2_STOMACH	NUGC-2	NUGC-2	http://www.ebi.ac.uk/efo/EFO_0006701	EFO:0006701	FALSE	FALSE	FALSE	FALSE	FALSE
NUGC3_STOMACH	NUGC-3	NUGC-3	http://www.ebi.ac.uk/efo/EFO_0006702	EFO:0006702	FALSE	FALSE	FALSE	FALSE	FALSE
NUGC4_STOMACH	NUGC-4	NUGC-4	http://www.ebi.ac.uk/efo/EFO_0006703	EFO:0006703	FALSE	FALSE	FALSE	FALSE	FALSE
OAW28_OVARY	OAW28	OAW28	http://www.ebi.ac.uk/efo/EFO_0006704	EFO:0006704	FALSE	FALSE	FALSE	FALSE	FALSE
OAW42_OVARY	OAW42	OAW42	http://www.ebi.ac.uk/efo/EFO_0006705	EFO:0006705	FALSE	FALSE	FALSE	FALSE	FALSE
OCIAML2_HAEMATOPOIETIC_AND_LYMPHOID_TISSUE	OCI-AML2	OCI-AML2	http://www.ebi.ac.uk/efo/EFO_0006706	EFO:0006706	FALSE	FALSE	FALSE	FALSE	FALSE
OCIAML3_HAEMATOPOIETIC_AND_LYMPHOID_TISSUE	OCI-AML3	OCI-AML3	http://www.ebi.ac.uk/efo/EFO_0006289	EFO:0006289	FALSE	FALSE	FALSE	FALSE	FALSE
OCIAML5_HAEMATOPOIETIC_AND_LYMPHOID_TISSUE	OCI-AML5	OCI-AML5	http://www.ebi.ac.uk/efo/EFO_0006707	EFO:0006707	FALSE	FALSE	FALSE	FALSE	FALSE
OCILY10_HAEMATOPOIETIC_AND_LYMPHOID_TISSUE	OCI-LY10	OCI-LY10	http://www.ebi.ac.uk/efo/EFO_0006708	EFO:0006708	FALSE	FALSE	FALSE	FALSE	FALSE
OCILY19_HAEMATOPOIETIC_AND_LYMPHOID_TISSUE	OCI-LY-19	OCI-LY19	http://www.ebi.ac.uk/efo/EFO_0006709	EFO:0006709	FALSE	FALSE	FALSE	FALSE	FALSE
OCILY3_HAEMATOPOIETIC_AND_LYMPHOID_TISSUE	OCI-LY3	OCI-LY3	http://www.ebi.ac.uk/efo/EFO_0006710	EFO:0006710	FALSE	FALSE	FALSE	FALSE	FALSE
OCIM1_HAEMATOPOIETIC_AND_LYMPHOID_TISSUE	OCI-M1	OCI-M1	http://www.ebi.ac.uk/efo/EFO_0006712	EFO:0006712	FALSE	FALSE	FALSE	FALSE	FALSE
OCUM1_STOMACH	OCUM-1	OCUM-1	http://www.ebi.ac.uk/efo/EFO_0006714	EFO:0006714	FALSE	FALSE	FALSE	FALSE	FALSE
OE19_OESOPHAGUS	OE19	OE19	http://www.ebi.ac.uk/efo/EFO_0002308	EFO:0002308	FALSE	FALSE	FALSE	FALSE	FALSE
OE21_OESOPHAGUS	OE21	OE21	http://www.ebi.ac.uk/efo/EFO_0002309	EFO:0002309	FALSE	FALSE	FALSE	FALSE	FALSE
OE33_OESOPHAGUS	OE33	OE33	http://www.ebi.ac.uk/efo/EFO_0002310	EFO:0002310	FALSE	FALSE	FALSE	FALSE	FALSE
OPM2_HAEMATOPOIETIC_AND_LYMPHOID_TISSUE	OPM-2	OPM-2	http://www.ebi.ac.uk/efo/EFO_0006716	EFO:0006716	FALSE	FALSE	FALSE	FALSE	FALSE
OUMS23_LARGE_INTESTINE	OUMS-23	OUMS-23	http://www.ebi.ac.uk/efo/EFO_0006717	EFO:0006717	FALSE	FALSE	FALSE	FALSE	FALSE
OV56_OVARY	OV56	OV56	http://www.ebi.ac.uk/efo/EFO_0006458	EFO:0006458	FALSE	FALSE	FALSE	FALSE	FALSE
OV7_OVARY	OV7	OV7	http://www.ebi.ac.uk/efo/EFO_0006459	EFO:0006459	FALSE	FALSE	FALSE	FALSE	FALSE
OV90_OVARY	OV-90	OV90	http://www.ebi.ac.uk/efo/EFO_0002311	EFO:0002311	FALSE	FALSE	FALSE	FALSE	FALSE
OVCA432	OVCA432	OVCA432	http://www.ebi.ac.uk/efo/EFO_0006722	EFO:0006722	FALSE	FALSE	FALSE	FALSE	FALSE
OVCAR4_OVARY	OVCAR-4	OVCAR4	http://www.ebi.ac.uk/efo/EFO_0005442	EFO:0005442	FALSE	FALSE	FALSE	FALSE	FALSE
OVCAR5_OVARY	OVCAR-5	OVCAR5	http://www.ebi.ac.uk/efo/EFO_0005443	EFO:0005443	FALSE	FALSE	FALSE	FALSE	FALSE
OVCAR8_OVARY	OVCAR-8	OVCAR8	http://www.ebi.ac.uk/efo/EFO_0005444	EFO:0005444	FALSE	FALSE	FALSE	FALSE	FALSE
OVISE_OVARY	OVISE	OVISE	http://www.ebi.ac.uk/efo/EFO_0006724	EFO:0006724	FALSE	FALSE	FALSE	FALSE	FALSE
OVKATE_OVARY	OVKATE	OVKATE	http://www.ebi.ac.uk/efo/EFO_0006725	EFO:0006725	FALSE	FALSE	FALSE	FALSE	FALSE
OVMANA_OVARY	OVMANA	OVMANA	http://www.ebi.ac.uk/efo/EFO_0006726	EFO:0006726	FALSE	FALSE	FALSE	FALSE	FALSE
OVSAHO_OVARY	OVSAHO	OVSAHO	http://www.ebi.ac.uk/efo/EFO_0006727	EFO:0006727	FALSE	FALSE	FALSE	FALSE	FALSE
OVTOKO_OVARY	OVTOKO	OVTOKO	http://www.ebi.ac.uk/efo/EFO_0006728	EFO:0006728	FALSE	FALSE	FALSE	FALSE	FALSE
P3HR1_HAEMATOPOIETIC_AND_LYMPHOID_TISSUE	P3HR-1	P3HR1	http://www.ebi.ac.uk/efo/EFO_0002312	EFO:0002312	FALSE	FALSE	FALSE	FALSE	FALSE
PANC0203_PANCREAS	Panc 02.03	Panc 02.03	http://www.ebi.ac.uk/efo/EFO_0006466	EFO:0006466	FALSE	FALSE	FALSE	FALSE	FALSE
PANC0327_PANCREAS	Panc 03.27	Panc 03.27	http://www.ebi.ac.uk/efo/EFO_0006467	EFO:0006467	FALSE	FALSE	FALSE	FALSE	FALSE
PANC0403_PANCREAS	Panc 04.03	Panc 04.03	http://www.ebi.ac.uk/efo/EFO_0006468	EFO:0006468	FALSE	FALSE	FALSE	FALSE	FALSE
PANC0504_PANCREAS	Panc 05.04	Panc 05.04	http://www.ebi.ac.uk/efo/EFO_0006469	EFO:0006469	FALSE	FALSE	FALSE	FALSE	FALSE
PANC0813_PANCREAS	Panc 08.13	Panc 08.13	http://www.ebi.ac.uk/efo/EFO_0006470	EFO:0006470	FALSE	FALSE	FALSE	FALSE	FALSE
PANC1_PANCREAS	PANC-1	Panc1	http://www.ebi.ac.uk/efo/EFO_0002713	EFO:0002713	FALSE	FALSE	FALSE	FALSE	FALSE
PATU8902_PANCREAS	PA-TU-8902	PA-TU-8902	http://www.ebi.ac.uk/efo/EFO_0006729	EFO:0006729	FALSE	FALSE	FALSE	FALSE	FALSE
PATU8988S_PANCREAS	PA-TU-8988S	PA-TU-8988S	http://www.ebi.ac.uk/efo/EFO_0006730	EFO:0006730	FALSE	FALSE	FALSE	FALSE	FALSE
PATU8988T_PANCREAS	PA-TU-8988T	8988T	http://www.ebi.ac.uk/efo/EFO_0005713	EFO:0005713	FALSE	FALSE	FALSE	FALSE	FALSE
PC14_LUNG	PC-14	PC-14	http://www.ebi.ac.uk/efo/EFO_0002844	EFO:0002844	FALSE	FALSE	FALSE	FALSE	FALSE
PECAPJ15_UPPER_AERODIGESTIVE_TRACT	PE/CA-PJ15	PE/CA-PJ15	http://www.ebi.ac.uk/efo/EFO_0006733	EFO:0006733	FALSE	FALSE	FALSE	FALSE	FALSE
PFEIFFER_HAEMATOPOIETIC_AND_LYMPHOID_TISSUE	Pfeiffer	Pfeiffer	http://www.ebi.ac.uk/efo/EFO_0006472	EFO:0006472	FALSE	FALSE	FALSE	FALSE	FALSE
PK45H_PANCREAS	PK-45H	PK-45H	http://www.ebi.ac.uk/efo/EFO_0006734	EFO:0006734	FALSE	FALSE	FALSE	FALSE	FALSE
PK59_PANCREAS	PK-59	PK-59	http://www.ebi.ac.uk/efo/EFO_0006736	EFO:0006736	FALSE	FALSE	FALSE	FALSE	FALSE
PL21_HAEMATOPOIETIC_AND_LYMPHOID_TISSUE	PL-21	PL-21	http://www.ebi.ac.uk/efo/EFO_0006473	EFO:0006473	FALSE	FALSE	FALSE	FALSE	FALSE
PL45_PANCREAS	PL45	PL45	http://www.ebi.ac.uk/efo/EFO_0006474	EFO:0006474	FALSE	FALSE	FALSE	FALSE	FALSE
PLB985_HAEMATOPOIETIC_AND_LYMPHOID_TISSUE	PLB-985	PLB985	http://www.ebi.ac.uk/efo/EFO_0002313	EFO:0002313	FALSE	FALSE	FALSE	FALSE	FALSE
PLCPRF5_LIVER	PLC/PRF/5	PLC/PRF/5	http://www.ebi.ac.uk/efo/EFO_0006291	EFO:0006291	FALSE	FALSE	FALSE	FALSE	FALSE
PSN1_PANCREAS	PSN1	PSN1	http://www.ebi.ac.uk/efo/EFO_0006739	EFO:0006739	FALSE	FALSE	FALSE	FALSE	FALSE
QGP1_PANCREAS	QGP-1	QGP-1	http://www.ebi.ac.uk/efo/EFO_0006741	EFO:0006741	FALSE	FALSE	FALSE	FALSE	FALSE
RAJI_HAEMATOPOIETIC_AND_LYMPHOID_TISSUE	Raji	Raji	http://www.ebi.ac.uk/efo/EFO_0002324	EFO:0002324	FALSE	FALSE	FALSE	FALSE	FALSE
RCHACV_HAEMATOPOIETIC_AND_LYMPHOID_TISSUE	RCH-ACV	RCHACV	http://www.ebi.ac.uk/efo/EFO_0002314	EFO:0002314	FALSE	FALSE	FALSE	FALSE	FALSE
RCM1_LARGE_INTESTINE	RCM-1	RCM-1	http://www.ebi.ac.uk/efo/EFO_0006476	EFO:0006476	FALSE	FALSE	FALSE	FALSE	FALSE
RDES_BONE	RD-ES	RDES	http://www.ebi.ac.uk/efo/EFO_0002316	EFO:0002316	FALSE	FALSE	FALSE	FALSE	FALSE
RD_SOFT_TISSUE	RD	RD	http://www.ebi.ac.uk/efo/EFO_0002315	EFO:0002315	FALSE	FALSE	FALSE	FALSE	FALSE
REC1_HAEMATOPOIETIC_AND_LYMPHOID_TISSUE	REC-1	REC1	http://www.ebi.ac.uk/efo/EFO_0002317	EFO:0002317	FALSE	FALSE	FALSE	FALSE	FALSE
RERFGC1B_STOMACH	RERF-GC-1B	RERF-GC-1B	http://www.ebi.ac.uk/efo/EFO_0006743	EFO:0006743	FALSE	FALSE	FALSE	FALSE	FALSE
RERFLCAI_LUNG	RERF-LC-AI	RERF-LC-AI	http://www.ebi.ac.uk/efo/EFO_0002850	EFO:0002850	FALSE	FALSE	FALSE	FALSE	FALSE
RERFLCKJ_LUNG	RERF-LC-KJ	RERF-LC-KJ	http://www.ebi.ac.uk/efo/EFO_0002851	EFO:0002851	FALSE	FALSE	FALSE	FALSE	FALSE
RERFLCMS_LUNG	RERF-LC-MS	RERF-LC-MS	http://www.ebi.ac.uk/efo/EFO_0002852	EFO:0002852	FALSE	FALSE	FALSE	FALSE	FALSE
RI1_HAEMATOPOIETIC_AND_LYMPHOID_TISSUE	RI-1	RI-1	http://www.ebi.ac.uk/efo/EFO_0006477	EFO:0006477	FALSE	FALSE	FALSE	FALSE	FALSE
RKN_SOFT_TISSUE	RKN	RKN	http://www.ebi.ac.uk/efo/EFO_0006745	EFO:0006745	FALSE	FALSE	FALSE	FALSE	FALSE
RKO_LARGE_INTESTINE	RKO	RKO	http://www.ebi.ac.uk/efo/EFO_0001232	EFO:0001232	FALSE	FALSE	FALSE	FALSE	FALSE
RL952_ENDOMETRIUM	RL95-2	RL952	http://www.ebi.ac.uk/efo/EFO_0002320	EFO:0002320	FALSE	FALSE	FALSE	FALSE	FALSE
RL_HAEMATOPOIETIC_AND_LYMPHOID_TISSUE	RL	RL	http://www.ebi.ac.uk/efo/EFO_0002319	EFO:0002319	FALSE	FALSE	FALSE	FALSE	FALSE
RMGI_OVARY	RMG-I	RMG-I	http://www.ebi.ac.uk/efo/EFO_0006746	EFO:0006746	FALSE	FALSE	FALSE	FALSE	FALSE
RMUGS_OVARY	RMUG-S	RMUG-S	http://www.ebi.ac.uk/efo/EFO_0006747	EFO:0006747	FALSE	FALSE	FALSE	FALSE	FALSE
RT112_URINARY_TRACT	RT-112	RT-112	http://www.ebi.ac.uk/efo/EFO_0006479	EFO:0006479	FALSE	FALSE	FALSE	FALSE	FALSE
RT4_URINARY_TRACT	RT4	RT4	http://www.ebi.ac.uk/efo/EFO_0006480	EFO:0006480	FALSE	FALSE	FALSE	FALSE	FALSE
SBC5_LUNG	SBC-5	SBC-5	http://www.ebi.ac.uk/efo/EFO_0002855	EFO:0002855	FALSE	FALSE	FALSE	FALSE	FALSE
SCABER_URINARY_TRACT	SCaBER	SCaBER	http://www.ebi.ac.uk/efo/EFO_0002325	EFO:0002325	FALSE	FALSE	FALSE	FALSE	FALSE
SCC15_UPPER_AERODIGESTIVE_TRACT	SCC-15	SCC-15	http://www.ebi.ac.uk/efo/EFO_0006482	EFO:0006482	FALSE	FALSE	FALSE	FALSE	FALSE
SCC25_UPPER_AERODIGESTIVE_TRACT	SCC-25	SCC-25	http://www.ebi.ac.uk/efo/EFO_0006483	EFO:0006483	FALSE	FALSE	FALSE	FALSE	FALSE
SCC9_UPPER_AERODIGESTIVE_TRACT	SCC-9	SCC-9	http://www.ebi.ac.uk/efo/EFO_0006485	EFO:0006485	FALSE	FALSE	FALSE	FALSE	FALSE
SCLC21H_LUNG	SCLC-21H	SCLC-21H	http://www.ebi.ac.uk/efo/EFO_0006749	EFO:0006749	FALSE	FALSE	FALSE	FALSE	FALSE
SEM_HAEMATOPOIETIC_AND_LYMPHOID_TISSUE	SEM	SEM	http://www.ebi.ac.uk/efo/EFO_0002326	EFO:0002326	FALSE	FALSE	FALSE	FALSE	FALSE
SET2_HAEMATOPOIETIC_AND_LYMPHOID_TISSUE	Set-2	SET-2	http://www.ebi.ac.uk/efo/EFO_0006486	EFO:0006486	FALSE	FALSE	FALSE	FALSE	FALSE
SF126_CENTRAL_NERVOUS_SYSTEM	SF126	SF126	http://www.ebi.ac.uk/efo/EFO_0005450	EFO:0005450	FALSE	FALSE	FALSE	FALSE	FALSE
SF268_CENTRAL_NERVOUS_SYSTEM	SF268	SF268	http://www.ebi.ac.uk/efo/EFO_0005451	EFO:0005451	FALSE	FALSE	FALSE	FALSE	FALSE
SF295_CENTRAL_NERVOUS_SYSTEM	SF-295	SF295	http://www.ebi.ac.uk/efo/EFO_0005452	EFO:0005452	FALSE	FALSE	FALSE	FALSE	FALSE
SF539_CENTRAL_NERVOUS_SYSTEM	SF539	SF539	http://www.ebi.ac.uk/efo/EFO_0005453	EFO:0005453	FALSE	FALSE	FALSE	FALSE	FALSE
SH4_SKIN	SH-4	SH4	http://www.ebi.ac.uk/efo/EFO_0002327	EFO:0002327	FALSE	FALSE	FALSE	FALSE	FALSE
SHP77_LUNG	SHP-77	SHP77	http://www.ebi.ac.uk/efo/EFO_0002328	EFO:0002328	FALSE	FALSE	FALSE	FALSE	FALSE
SHSY5Y_AUTONOMIC_GANGLIA	SH-SY5Y	SH-SY5Y	http://www.ebi.ac.uk/efo/EFO_0002717	EFO:0002717	FALSE	FALSE	FALSE	FALSE	FALSE
SIGM5_HAEMATOPOIETIC_AND_LYMPHOID_TISSUE	SIG-M5	SIG-M5	http://www.ebi.ac.uk/efo/EFO_0006751	EFO:0006751	FALSE	FALSE	FALSE	FALSE	FALSE
SIHA	SIHA	SiHa	http://www.ebi.ac.uk/efo/EFO_0002379	EFO:0002379	FALSE	FALSE	FALSE	FALSE	FALSE
SJRH30_SOFT_TISSUE	SJRH30	SJRH30	http://www.ebi.ac.uk/efo/EFO_0002329	EFO:0002329	FALSE	FALSE	FALSE	FALSE	FALSE
SJSA1_BONE	SJSA-1	SJSA1	http://www.ebi.ac.uk/efo/EFO_0002330	EFO:0002330	FALSE	FALSE	FALSE	FALSE	FALSE
SKBR3_BREAST	SK-BR-3	SKBR3	http://www.ebi.ac.uk/efo/EFO_0001236	EFO:0001236	FALSE	FALSE	FALSE	FALSE	FALSE
SKCO1_LARGE_INTESTINE	SK-CO-1	SK-CO-1	http://www.ebi.ac.uk/efo/EFO_0006752	EFO:0006752	FALSE	FALSE	FALSE	FALSE	FALSE
SKES1_BONE	SK-ES-1	SK-ES-1	http://www.ebi.ac.uk/efo/EFO_0002858	EFO:0002858	FALSE	FALSE	FALSE	FALSE	FALSE
SKLMS1_SOFT_TISSUE	SK-LMS-1	SKLMS1	http://www.ebi.ac.uk/efo/EFO_0002331	EFO:0002331	FALSE	FALSE	FALSE	FALSE	FALSE
SKM1_HAEMATOPOIETIC_AND_LYMPHOID_TISSUE	SKM-1	SKM-1	http://www.ebi.ac.uk/efo/EFO_0006753	EFO:0006753	FALSE	FALSE	FALSE	FALSE	FALSE
SKMEL1_SKIN	SK-MEL-1	SKMEL1	http://www.ebi.ac.uk/efo/EFO_0002332	EFO:0002332	FALSE	FALSE	FALSE	FALSE	FALSE
SKMEL24_SKIN	SK-MEL-24	SK-MEL-24	http://www.ebi.ac.uk/efo/EFO_0006487	EFO:0006487	FALSE	FALSE	FALSE	FALSE	FALSE
SKMEL28_SKIN	SK-MEL-28	SK-MEL-28	http://www.ebi.ac.uk/efo/EFO_0003081	EFO:0003081	FALSE	FALSE	FALSE	FALSE	FALSE
SKMEL2_SKIN	SK-MEL-2	SK-MEL-2	http://www.ebi.ac.uk/efo/EFO_0002079	EFO:0002079	FALSE	FALSE	FALSE	FALSE	FALSE
SKMEL30_SKIN	SK-MEL-30	SK-MEL-30	http://www.ebi.ac.uk/efo/EFO_0006488	EFO:0006488	FALSE	FALSE	FALSE	FALSE	FALSE
SKMEL31_SKIN	SK-MEL-31	SK-MEL-31	http://www.ebi.ac.uk/efo/EFO_0006489	EFO:0006489	FALSE	FALSE	FALSE	FALSE	FALSE
SKMEL3_SKIN	SK-MEL-3	SKMEL3	http://www.ebi.ac.uk/efo/EFO_0002333	EFO:0002333	FALSE	FALSE	FALSE	FALSE	FALSE
SKMEL5_SKIN	SK-MEL-5	SK-MEL-5	http://www.ebi.ac.uk/efo/EFO_0005720	EFO:0005720	FALSE	FALSE	FALSE	FALSE	FALSE
SKMES1_LUNG	SK-MES-1	SKMES1	http://www.ebi.ac.uk/efo/EFO_0002334	EFO:0002334	FALSE	FALSE	FALSE	FALSE	FALSE
SKMM2_HAEMATOPOIETIC_AND_LYMPHOID_TISSUE	SK-MM-2	SK-MM-2	http://www.ebi.ac.uk/efo/EFO_0005458	EFO:0005458	FALSE	FALSE	FALSE	FALSE	FALSE
SKNAS_AUTONOMIC_GANGLIA	SK-N-AS	SK-N-AS	http://www.ebi.ac.uk/efo/EFO_0002859	EFO:0002859	FALSE	FALSE	FALSE	FALSE	FALSE
SKNDZ_AUTONOMIC_GANGLIA	SK-N-DZ	SK-N-DZ	http://www.ebi.ac.uk/efo/EFO_0005721	EFO:0005721	FALSE	FALSE	FALSE	FALSE	FALSE
SKNFI_AUTONOMIC_GANGLIA	SK-N-FI	SKNFI	http://www.ebi.ac.uk/efo/EFO_0002338	EFO:0002338	FALSE	FALSE	FALSE	FALSE	FALSE
SKNMC_BONE	SK-N-MC	SK-N-MC	http://www.ebi.ac.uk/efo/EFO_0002860	EFO:0002860	FALSE	FALSE	FALSE	FALSE	FALSE
SKNSH_AUTONOMIC_GANGLIA	SK-N-SH	SK-N-SH	http://www.ebi.ac.uk/efo/EFO_0003072	EFO:0003072	FALSE	FALSE	FALSE	FALSE	FALSE
SKOV3_OVARY	SK-OV-3	SKOV3	http://www.ebi.ac.uk/efo/EFO_0002340	EFO:0002340	FALSE	FALSE	FALSE	FALSE	FALSE
SKUT1_SOFT_TISSUE	SK-UT-1	SKUT1	http://www.ebi.ac.uk/efo/EFO_0002341	EFO:0002341	FALSE	FALSE	FALSE	FALSE	FALSE
SNB19_CENTRAL_NERVOUS_SYSTEM	SNB-19	SNB19	http://www.ebi.ac.uk/efo/EFO_0002342	EFO:0002342	FALSE	FALSE	FALSE	FALSE	FALSE
SNU16_STOMACH	SNU-16	SNU16	http://www.ebi.ac.uk/efo/EFO_0002344	EFO:0002344	FALSE	FALSE	FALSE	FALSE	FALSE
SNU182_LIVER	SNU-182	SNU182	http://www.ebi.ac.uk/efo/EFO_0002345	EFO:0002345	FALSE	FALSE	FALSE	FALSE	FALSE
SNU1_STOMACH	SNU-1	SNU1	http://www.ebi.ac.uk/efo/EFO_0002343	EFO:0002343	FALSE	FALSE	FALSE	FALSE	FALSE
SNU216_STOMACH	SNU-216	SNU-216	http://www.ebi.ac.uk/efo/EFO_0006754	EFO:0006754	FALSE	FALSE	FALSE	FALSE	FALSE
SNU387_LIVER	SNU-387	SNU387	http://www.ebi.ac.uk/efo/EFO_0002346	EFO:0002346	FALSE	FALSE	FALSE	FALSE	FALSE
SNU398_LIVER	SNU-398	SNU398	http://www.ebi.ac.uk/efo/EFO_0002347	EFO:0002347	FALSE	FALSE	FALSE	FALSE	FALSE
SNU423_LIVER	SNU-423	SNU423	http://www.ebi.ac.uk/efo/EFO_0002348	EFO:0002348	FALSE	FALSE	FALSE	FALSE	FALSE
SNU449_LIVER	SNU-449	SNU449	http://www.ebi.ac.uk/efo/EFO_0002349	EFO:0002349	FALSE	FALSE	FALSE	FALSE	FALSE
SNU475_LIVER	SNU-475	SNU475	http://www.ebi.ac.uk/efo/EFO_0002350	EFO:0002350	FALSE	FALSE	FALSE	FALSE	FALSE
SNU5_STOMACH	SNU-5	SNU5	http://www.ebi.ac.uk/efo/EFO_0002351	EFO:0002351	FALSE	FALSE	FALSE	FALSE	FALSE
SNU601_STOMACH	SNU-601	SNU-601	http://www.ebi.ac.uk/efo/EFO_0006756	EFO:0006756	FALSE	FALSE	FALSE	FALSE	FALSE
SNU620_STOMACH	SNU-620	SNU-620	http://www.ebi.ac.uk/efo/EFO_0006757	EFO:0006757	FALSE	FALSE	FALSE	FALSE	FALSE
SNU668_STOMACH	SNU-668	SNU-668	http://www.ebi.ac.uk/efo/EFO_0006759	EFO:0006759	FALSE	FALSE	FALSE	FALSE	FALSE
SNU719_STOMACH	SNU-719	SNU-719	http://www.ebi.ac.uk/efo/EFO_0006760	EFO:0006760	FALSE	FALSE	FALSE	FALSE	FALSE
SNUC1_LARGE_INTESTINE	SNU-C1	SNU-C1	http://www.ebi.ac.uk/efo/EFO_0006761	EFO:0006761	FALSE	FALSE	FALSE	FALSE	FALSE
SR786_HAEMATOPOIETIC_AND_LYMPHOID_TISSUE	SR-786	SR-786	http://www.ebi.ac.uk/efo/EFO_0006491	EFO:0006491	FALSE	FALSE	FALSE	FALSE	FALSE
ST486_HAEMATOPOIETIC_AND_LYMPHOID_TISSUE	ST486	ST486	http://www.ebi.ac.uk/efo/EFO_0002353	EFO:0002353	FALSE	FALSE	FALSE	FALSE	FALSE
SU8686_PANCREAS	SU.86.86	SU.86.86	http://www.ebi.ac.uk/efo/EFO_0006494	EFO:0006494	FALSE	FALSE	FALSE	FALSE	FALSE
SUDHL10_HAEMATOPOIETIC_AND_LYMPHOID_TISSUE	SU-DHL-10	SUDHL10	http://www.ebi.ac.uk/efo/EFO_0002354	EFO:0002354	FALSE	FALSE	FALSE	FALSE	FALSE
SUDHL1_HAEMATOPOIETIC_AND_LYMPHOID_TISSUE	SU-DHL-1	SUDHL1	http://www.ebi.ac.uk/efo/EFO_0005461	EFO:0005461	FALSE	FALSE	FALSE	FALSE	FALSE
SUDHL4_HAEMATOPOIETIC_AND_LYMPHOID_TISSUE	SU-DHL-4	SU-DHL-4	http://www.ebi.ac.uk/efo/EFO_0006492	EFO:0006492	FALSE	FALSE	FALSE	FALSE	FALSE
SUDHL5_HAEMATOPOIETIC_AND_LYMPHOID_TISSUE	SU-DHL-5	SUDHL5	http://www.ebi.ac.uk/efo/EFO_0002356	EFO:0002356	FALSE	FALSE	FALSE	FALSE	FALSE
SUDHL6_HAEMATOPOIETIC_AND_LYMPHOID_TISSUE	SU-DHL-6	SUDHL6	http://www.ebi.ac.uk/efo/EFO_0002357	EFO:0002357	FALSE	FALSE	FALSE	FALSE	FALSE
SUDHL8_HAEMATOPOIETIC_AND_LYMPHOID_TISSUE	SU-DHL-8	SU-DHL-8	http://www.ebi.ac.uk/efo/EFO_0006493	EFO:0006493	FALSE	FALSE	FALSE	FALSE	FALSE
SUIT2_PANCREAS	SUIT-2	SUIT-2	http://www.ebi.ac.uk/efo/EFO_0006495	EFO:0006495	FALSE	FALSE	FALSE	FALSE	FALSE
SUPB15_HAEMATOPOIETIC_AND_LYMPHOID_TISSUE	SUP-B15	SUP-B15	http://www.ebi.ac.uk/efo/EFO_0006763	EFO:0006763	FALSE	FALSE	FALSE	FALSE	FALSE
SW1116_LARGE_INTESTINE	SW1116	SW1116	http://www.ebi.ac.uk/efo/EFO_0002359	EFO:0002359	FALSE	FALSE	FALSE	FALSE	FALSE
SW1417_LARGE_INTESTINE	SW1417	SW1417	http://www.ebi.ac.uk/efo/EFO_0002361	EFO:0002361	FALSE	FALSE	FALSE	FALSE	FALSE
SW1463_LARGE_INTESTINE	SW1463	SW1463	http://www.ebi.ac.uk/efo/EFO_0002362	EFO:0002362	FALSE	FALSE	FALSE	FALSE	FALSE
SW403_LARGE_INTESTINE	SW403	SW403	http://www.ebi.ac.uk/efo/EFO_0002366	EFO:0002366	FALSE	FALSE	FALSE	FALSE	FALSE
SW480_LARGE_INTESTINE	SW480	SW480	http://www.ebi.ac.uk/efo/EFO_0002083	EFO:0002083	FALSE	FALSE	FALSE	FALSE	FALSE
SW48_LARGE_INTESTINE	SW48	SW48	http://www.ebi.ac.uk/efo/EFO_0002367	EFO:0002367	FALSE	FALSE	FALSE	FALSE	FALSE
SW620_LARGE_INTESTINE	SW620	SW620	http://www.ebi.ac.uk/efo/EFO_0002368	EFO:0002368	FALSE	FALSE	FALSE	FALSE	FALSE
SW837_LARGE_INTESTINE	SW837	SW837	http://www.ebi.ac.uk/efo/EFO_0002372	EFO:0002372	FALSE	FALSE	FALSE	FALSE	FALSE
SW948_LARGE_INTESTINE	SW948	SW948	http://www.ebi.ac.uk/efo/EFO_0002375	EFO:0002375	FALSE	FALSE	FALSE	FALSE	FALSE
T24_URINARY_TRACT	T24	T24	http://www.ebi.ac.uk/efo/EFO_0002864	EFO:0002864	FALSE	FALSE	FALSE	FALSE	FALSE
T3M4_PANCREAS	T3M-4	Panc89	http://www.ebi.ac.uk/efo/EFO_0002714	EFO:0002714	FALSE	FALSE	FALSE	FALSE	FALSE
T47D_BREAST	T-47D	T47D	http://www.ebi.ac.uk/efo/EFO_0001247	EFO:0001247	FALSE	FALSE	FALSE	FALSE	FALSE
T84_LARGE_INTESTINE	T84	T84	http://www.ebi.ac.uk/efo/EFO_0002084	EFO:0002084	FALSE	FALSE	FALSE	FALSE	FALSE
TC71_BONE	TC-71	TC71	http://www.ebi.ac.uk/efo/EFO_0002865	EFO:0002865	FALSE	FALSE	FALSE	FALSE	FALSE
TCCPAN2_PANCREAS	TCC-PAN2	TCC-PAN2	http://www.ebi.ac.uk/efo/EFO_0006764	EFO:0006764	FALSE	FALSE	FALSE	FALSE	FALSE
THP1_HAEMATOPOIETIC_AND_LYMPHOID_TISSUE	THP-1	THP-1	http://www.ebi.ac.uk/efo/EFO_0001253	EFO:0001253	FALSE	FALSE	FALSE	FALSE	FALSE
TOLEDO_HAEMATOPOIETIC_AND_LYMPHOID_TISSUE	Toledo	Toledo	http://www.ebi.ac.uk/efo/EFO_0002383	EFO:0002383	FALSE	FALSE	FALSE	FALSE	FALSE
TOV112D_OVARY	TOV-112D	TOV-112D	http://www.ebi.ac.uk/efo/EFO_0005263	EFO:0005263	FALSE	FALSE	FALSE	FALSE	FALSE
TT_THYROID	TT	TT	http://www.ebi.ac.uk/efo/EFO_0002382	EFO:0002382	FALSE	FALSE	FALSE	FALSE	FALSE
TYKNU_OVARY	TYK-nu	TYK-nu	http://www.ebi.ac.uk/efo/EFO_0006766	EFO:0006766	FALSE	FALSE	FALSE	FALSE	FALSE
U251MG_CENTRAL_NERVOUS_SYSTEM	U-251 MG	U-251 MG	http://www.ebi.ac.uk/efo/EFO_0006498	EFO:0006498	FALSE	FALSE	FALSE	FALSE	FALSE
U266B1_HAEMATOPOIETIC_AND_LYMPHOID_TISSUE	U266B1	U266	http://www.ebi.ac.uk/efo/EFO_0001254	EFO:0001254	FALSE	FALSE	FALSE	FALSE	FALSE
U87MG_CENTRAL_NERVOUS_SYSTEM	U-87 MG	U-87 MG	http://www.ebi.ac.uk/efo/EFO_0005237	EFO:0005237	FALSE	FALSE	FALSE	FALSE	FALSE
U937_HAEMATOPOIETIC_AND_LYMPHOID_TISSUE	U-937	U937	http://www.ebi.ac.uk/efo/EFO_0001257	EFO:0001257	FALSE	FALSE	FALSE	FALSE	FALSE
UACC257_SKIN	UACC-257	UACC-257	http://www.ebi.ac.uk/efo/EFO_0005376	EFO:0005376	FALSE	FALSE	FALSE	FALSE	FALSE
UACC62_SKIN	UACC-62	UACC-62	http://www.ebi.ac.uk/efo/EFO_0005377	EFO:0005377	FALSE	FALSE	FALSE	FALSE	FALSE
UACC812_BREAST	UACC-812	UACC812	http://www.ebi.ac.uk/efo/EFO_0001258	EFO:0001258	FALSE	FALSE	FALSE	FALSE	FALSE
UACC893_BREAST	UACC-893	UACC893	http://www.ebi.ac.uk/efo/EFO_0002385	EFO:0002385	FALSE	FALSE	FALSE	FALSE	FALSE
UMUC1_URINARY_TRACT	UM-UC-1	UM-UC-1	http://www.ebi.ac.uk/efo/EFO_0006770	EFO:0006770	FALSE	FALSE	FALSE	FALSE	FALSE
UMUC3_URINARY_TRACT	UM-UC-3	UM-UC-3	http://www.ebi.ac.uk/efo/EFO_0006771	EFO:0006771	FALSE	FALSE	FALSE	FALSE	FALSE
VCAP_PROSTATE	VCaP	VCaP	http://www.ebi.ac.uk/efo/EFO_0007752	EFO:0007752	FALSE	FALSE	FALSE	FALSE	FALSE
VMRCLCD_LUNG	VMRC-LCD	VMRC-LCD	http://www.ebi.ac.uk/efo/EFO_0006773	EFO:0006773	FALSE	FALSE	FALSE	FALSE	FALSE
WM115_SKIN	WM-115	WM115	http://www.ebi.ac.uk/efo/EFO_0002390	EFO:0002390	FALSE	FALSE	FALSE	FALSE	FALSE
WM2664_SKIN	WM-266-4	WM-266-4	http://www.ebi.ac.uk/efo/EFO_0006774	EFO:0006774	FALSE	FALSE	FALSE	FALSE	FALSE
WM793_SKIN	WM-793	WM793	http://www.ebi.ac.uk/efo/EFO_0002873	EFO:0002873	FALSE	FALSE	FALSE	FALSE	FALSE
WSUDLCL2_HAEMATOPOIETIC_AND_LYMPHOID_TISSUE	WSU-DLCL2	WSU-DLCL2	http://www.ebi.ac.uk/efo/EFO_0006775	EFO:0006775	FALSE	FALSE	FALSE	FALSE	FALSE
YAPC_PANCREAS	YAPC	YAPC	http://www.ebi.ac.uk/efo/EFO_0006778	EFO:0006778	FALSE	FALSE	FALSE	FALSE	FALSE
YMB1_BREAST	YMB-1	YMB-1	http://www.ebi.ac.uk/efo/EFO_0006779	EFO:0006779	FALSE	FALSE	FALSE	FALSE	FALSE
ZR751_BREAST	ZR-75-1	ZR751	http://www.ebi.ac.uk/efo/EFO_0001262	EFO:0001262	FALSE	FALSE	FALSE	FALSE	FALSE
ZR7530_BREAST	ZR-75-30	ZR7530	http://www.ebi.ac.uk/efo/EFO_0001263	EFO:0001263	FALSE	FALSE	FALSE	FALSE	FALSE
0002585	COR-L23 cell	CORL23	http://www.ebi.ac.uk/efo/EFO_0002142	EFO:0002142	FALSE	FALSE	FALSE	FALSE	FALSE
0004254	HS-5 cell	HS-5	http://www.ebi.ac.uk/efo/EFO_0005282	EFO:0005282	FALSE	FALSE	FALSE	FALSE	FALSE
0007634	MDA-MB-231 cell	MDAMB231	http://www.ebi.ac.uk/efo/EFO_0001209	EFO:0001209	FALSE	FALSE	FALSE	FALSE	FALSE
0037116	LNCaP cell	LNCAP	http://www.ebi.ac.uk/efo/EFO_0002071	EFO:0002071	FALSE	FALSE	FALSE	FALSE	FALSE
DOID:0050032	mineral metabolism disease	mineral metabolism disease	http://www.ebi.ac.uk/efo/EFO_0009556	EFO:0009556	TRUE	FALSE	FALSE	FALSE	FALSE
DOID:0050853	chronic venous insufficiency	chronic venous insufficiency	http://www.ebi.ac.uk/efo/EFO_0007940	EFO:0007940	FALSE	FALSE	TRUE	FALSE	FALSE
DOID:0050933	ovarian serous carcinoma	ovarian serous carcinoma	http://www.ebi.ac.uk/efo/EFO_1001516	EFO:1001516	TRUE	FALSE	FALSE	FALSE	FALSE
DOID:0050985	spinocerebellar ataxia type 38	Spinocerebellar ataxia type 38	http://www.ebi.ac.uk/efo/EFO_0009056	EFO:0009056	TRUE	FALSE	FALSE	FALSE	FALSE
DOID:0050986	spinocerebellar ataxia type 40	Spinocerebellar ataxia type 40	http://www.ebi.ac.uk/efo/EFO_0009057	EFO:0009057	TRUE	FALSE	FALSE	FALSE	FALSE
DOID:0060077	progesterone-receptor positive breast cancer	progesterone-receptor positive breast cancer	http://www.ebi.ac.uk/efo/EFO_0009782	EFO:0009782	TRUE	FALSE	FALSE	FALSE	FALSE
DOID:0060098	osteoblastoma	Osteoblastoma	http://www.ebi.ac.uk/efo/EFO_1000410	EFO:1000410	TRUE	FALSE	FALSE	FALSE	FALSE
DOID:0060319	cardiac arrest	cardiac arrest	http://www.ebi.ac.uk/efo/EFO_0009492	EFO:0009492	TRUE	FALSE	FALSE	FALSE	FALSE
DOID:0060325	cervical polyp	cervical polyp	http://www.ebi.ac.uk/efo/EFO_0009475	EFO:0009475	TRUE	FALSE	FALSE	FALSE	FALSE
DOID:0060538	purpura fulminans	Purpura Fulminans	http://www.ebi.ac.uk/efo/EFO_1001913	EFO:1001913	FALSE	FALSE	TRUE	FALSE	FALSE
DOID:0070227	intrahepatic cholestasis of pregnancy	Intrahepatic cholestasis of pregnancy	http://www.ebi.ac.uk/efo/EFO_0009048	EFO:0009048	TRUE	FALSE	FALSE	FALSE	FALSE
DOID:0070323	childhood acute myeloid leukemia	childhood acute myeloid leukemia	http://www.ebi.ac.uk/efo/EFO_0000330	EFO:0000330	TRUE	FALSE	FALSE	FALSE	FALSE
DOID:0070346	neurodevelopmental disorder with cataracts, poor growth, and dysmorphic facies	neurodevelopmental disorder with cataracts, poor growth, and dysmorphic facies	http://www.ebi.ac.uk/efo/EFO_0010561	EFO:0010561	TRUE	FALSE	FALSE	FALSE	FALSE
DOID:0080178	mucositis	mucositis	http://www.ebi.ac.uk/efo/EFO_1001898	EFO:1001898	FALSE	FALSE	TRUE	FALSE	FALSE
DOID:0080322	polycystic kidney disease	Polycystic Kidney Disease	http://www.ebi.ac.uk/efo/EFO_0008620	EFO:0008620	TRUE	FALSE	FALSE	FALSE	FALSE
DOID:0080531	dedifferentiated liposarcoma	dedifferentiated liposarcoma	http://www.ebi.ac.uk/efo/EFO_0003085	EFO:0003085	TRUE	FALSE	FALSE	FALSE	FALSE
DOID:0080546	non-alcoholic fatty liver	non-alcoholic fatty liver	http://www.ebi.ac.uk/efo/EFO_1001248	EFO:1001248	FALSE	FALSE	TRUE	FALSE	FALSE
DOID:0080547	non-alcoholic steatohepatitis	non-alcoholic steatohepatitis	http://www.ebi.ac.uk/efo/EFO_1001249	EFO:1001249	TRUE	FALSE	FALSE	FALSE	FALSE
DOID:0080690	RASopathy	rasopathy	http://www.ebi.ac.uk/efo/EFO_1001502	EFO:1001502	TRUE	FALSE	FALSE	FALSE	FALSE
DOID:0080744	antisynthetase syndrome	Antisynthetase syndrome	http://www.ebi.ac.uk/efo/EFO_1001982	EFO:1001982	TRUE	FALSE	FALSE	FALSE	FALSE
DOID:0080745	polymyositis	polymyositis	http://www.ebi.ac.uk/efo/EFO_0003063	EFO:0003063	TRUE	FALSE	FALSE	FALSE	FALSE
DOID:0080777	lung sarcomatoid carcinoma	Lung Sarcomatoid Carcinoma	http://www.ebi.ac.uk/efo/EFO_1000336	EFO:1000336	TRUE	FALSE	FALSE	FALSE	FALSE
DOID:0080780	acute erythroid leukemia	acute erythroleukemia	http://www.ebi.ac.uk/efo/EFO_0000218	EFO:0000218	TRUE	FALSE	FALSE	FALSE	FALSE
DOID:0080784	urinary tract infection	urinary tract infection	http://www.ebi.ac.uk/efo/EFO_0003103	EFO:0003103	TRUE	FALSE	FALSE	FALSE	FALSE
DOID:0080794	childhood acute megakaryoblastic leukemia	childhood acute megakaryoblastic leukemia	http://www.ebi.ac.uk/efo/EFO_1001943	EFO:1001943	TRUE	FALSE	FALSE	FALSE	FALSE
DOID:0080795	acute basophilic leukemia	acute basophilic leukemia	http://www.ebi.ac.uk/efo/EFO_0003029	EFO:0003029	TRUE	FALSE	FALSE	FALSE	FALSE
DOID:0080796	core binding factor acute myeloid leukemia	core binding factor acute myeloid leukemia	http://www.ebi.ac.uk/efo/EFO_1002001	EFO:1002001	TRUE	FALSE	FALSE	FALSE	FALSE
DOID:0080799	sinonasal undifferentiated carcinoma	Sinonasal Undifferentiated Carcinoma	http://www.ebi.ac.uk/efo/EFO_1000527	EFO:1000527	TRUE	FALSE	FALSE	FALSE	FALSE
DOID:0080815	childhood-onset asthma	childhood onset asthma	http://www.ebi.ac.uk/efo/EFO_0004591	EFO:0004591	FALSE	FALSE	FALSE	FALSE	FALSE
DOID:0080846	latent autoimmune diabetes in adults	latent autoimmune diabetes in adults	http://www.ebi.ac.uk/efo/EFO_0009706	EFO:0009706	TRUE	FALSE	FALSE	FALSE	FALSE
DOID:0080850	pemphigus foliaceus	pemphigus foliaceus	http://www.ebi.ac.uk/efo/EFO_0008601	EFO:0008601	TRUE	FALSE	FALSE	FALSE	FALSE
DOID:0080851	IgA pemphigus	IgA pemphigus	http://www.ebi.ac.uk/efo/EFO_0008604	EFO:0008604	TRUE	FALSE	FALSE	FALSE	FALSE
DOID:0080852	paraneoplastic pemphigus	paraneoplastic pemphigus	http://www.ebi.ac.uk/efo/EFO_0008602	EFO:0008602	TRUE	FALSE	FALSE	FALSE	FALSE
DOID:0080898	cerebellofaciodental syndrome	Cerebellar-facial-dental syndrome	http://www.ebi.ac.uk/efo/EFO_0009030	EFO:0009030	TRUE	FALSE	FALSE	FALSE	FALSE
DOID:0090113	RIDDLE syndrome	RIDDLE syndrome	http://www.ebi.ac.uk/efo/EFO_0009055	EFO:0009055	TRUE	FALSE	FALSE	FALSE	FALSE
DOID:0110123	Bardet-Biedl syndrome 1	Bardet-Biedl syndrome 1	http://www.ebi.ac.uk/efo/EFO_0009021	EFO:0009021	TRUE	FALSE	FALSE	FALSE	FALSE
DOID:0110126	Bardet-Biedl syndrome 4	Bardet-Biedl syndrome 4	http://www.ebi.ac.uk/efo/EFO_0009024	EFO:0009024	TRUE	FALSE	FALSE	FALSE	FALSE
DOID:0110127	Bardet-Biedl syndrome 5	Bardet-Biedl syndrome 5	http://www.ebi.ac.uk/efo/EFO_0009025	EFO:0009025	TRUE	FALSE	FALSE	FALSE	FALSE
DOID:0110129	Bardet-Biedl syndrome 7	Bardet-Biedl syndrome 7	http://www.ebi.ac.uk/efo/EFO_0009026	EFO:0009026	TRUE	FALSE	FALSE	FALSE	FALSE
DOID:0110131	Bardet-Biedl syndrome 9	Bardet-Biedl syndrome 9	http://www.ebi.ac.uk/efo/EFO_0009027	EFO:0009027	TRUE	FALSE	FALSE	FALSE	FALSE
DOID:0110132	Bardet-Biedl syndrome 10	Bardet-Biedl syndrome 10	http://www.ebi.ac.uk/efo/EFO_0009022	EFO:0009022	TRUE	FALSE	FALSE	FALSE	FALSE
DOID:0110134	Bardet-Biedl syndrome 12	Bardet-Biedl syndrome 12	http://www.ebi.ac.uk/efo/EFO_0009023	EFO:0009023	TRUE	FALSE	FALSE	FALSE	FALSE
DOID:0111086	Fanconi anemia complementation group G	Fanconi anemia complementation group G	http://www.ebi.ac.uk/efo/EFO_0009046	EFO:0009046	TRUE	FALSE	FALSE	FALSE	FALSE
DOID:0111088	Fanconi anemia complementation group F	Fanconi anemia complementation group F	http://www.ebi.ac.uk/efo/EFO_0009045	EFO:0009045	TRUE	FALSE	FALSE	FALSE	FALSE
DOID:0111095	Fanconi anemia complementation group A	Fanconi anemia complementation group A	http://www.ebi.ac.uk/efo/EFO_0009044	EFO:0009044	TRUE	FALSE	FALSE	FALSE	FALSE
DOID:0111495	combined oxidative phosphorylation deficiency 33	combined oxidative phosphorylation deficiency 33	http://www.ebi.ac.uk/efo/EFO_0009159	EFO:0009159	TRUE	FALSE	FALSE	FALSE	FALSE
DOID:0111552	scapuloperoneal spinal muscular atrophy	Scapuloperoneal spinal muscular atrophy	http://www.ebi.ac.uk/efo/EFO_1001992	EFO:1001992	TRUE	FALSE	FALSE	FALSE	FALSE
DOID:0111560	Charcot-Marie-Tooth disease type 1G	Charcot-Marie-Tooth disease type 1G	http://www.ebi.ac.uk/efo/EFO_0010266	EFO:0010266	TRUE	FALSE	FALSE	FALSE	FALSE
DOID:0111624	ACTH-independent macronodular adrenal hyperplasia 2	acth-independent macronodular adrenal hyperplasia 2	http://www.ebi.ac.uk/efo/EFO_0009148	EFO:0009148	TRUE	FALSE	FALSE	FALSE	FALSE
DOID:0111675	neurooculocardiogenitourinary syndrome	neurooculocardiogenitourinary syndrome	http://www.ebi.ac.uk/efo/EFO_0010663	EFO:0010663	TRUE	FALSE	FALSE	FALSE	FALSE
DOID:0111841	Shukla-Vernon syndrome	Shukla-Vernon syndrome	http://www.ebi.ac.uk/efo/EFO_0010278	EFO:0010278	TRUE	FALSE	FALSE	FALSE	FALSE
DOID:0111843	Paganini-Miozzo syndrome	Paganini-Miozzo syndrome	http://www.ebi.ac.uk/efo/EFO_0010261	EFO:0010261	TRUE	FALSE	FALSE	FALSE	FALSE
DOID:10573	osteomalacia	osteomalacia	http://www.ebi.ac.uk/efo/EFO_1002027	EFO:1002027	TRUE	FALSE	FALSE	FALSE	FALSE
DOID:11613	hyperandrogenism	hyperandrogenism	http://www.ebi.ac.uk/efo/EFO_0009006	EFO:0009006	TRUE	FALSE	FALSE	FALSE	FALSE
DOID:1373	endometrial stromal nodule	Endometrial Stromal Nodule	http://www.ebi.ac.uk/efo/EFO_1000241	EFO:1000241	TRUE	FALSE	FALSE	FALSE	FALSE
DOID:13938	amenorrhea	amenorrhea	http://www.ebi.ac.uk/efo/EFO_0010269	EFO:0010269	TRUE	FALSE	FALSE	FALSE	FALSE
DOID:13957	uterine corpus lipoleiomyoma	Uterine Corpus Lipoleiomyoma	http://www.ebi.ac.uk/efo/EFO_1000614	EFO:1000614	TRUE	FALSE	FALSE	FALSE	FALSE
DOID:1788	peritoneal mesothelioma	Peritoneal Mesothelioma	http://www.ebi.ac.uk/efo/EFO_1000467	EFO:1000467	TRUE	FALSE	FALSE	FALSE	FALSE
DOID:1920	hyperuricemia	hyperuricemia	http://www.ebi.ac.uk/efo/EFO_0009104	EFO:0009104	TRUE	FALSE	FALSE	FALSE	FALSE
DOID:2001	neuroma	neuroma	http://www.ebi.ac.uk/efo/EFO_0009619	EFO:0009619	TRUE	FALSE	FALSE	FALSE	FALSE
DOID:2626	choroid plexus papilloma	Choroid Plexus Papilloma	http://www.ebi.ac.uk/efo/EFO_1000177	EFO:1000177	TRUE	FALSE	FALSE	FALSE	FALSE
DOID:2951	motion sickness	motion sickness	http://www.ebi.ac.uk/efo/EFO_0006928	EFO:0006928	FALSE	FALSE	TRUE	FALSE	FALSE
DOID:3578	ovarian gonadoblastoma	Ovarian Gonadoblastoma	http://www.ebi.ac.uk/efo/EFO_1000420	EFO:1000420	TRUE	FALSE	FALSE	FALSE	FALSE
DOID:3756	protein C deficiency	protein c deficiency	http://www.ebi.ac.uk/efo/EFO_0009316	EFO:0009316	TRUE	FALSE	FALSE	FALSE	FALSE
DOID:3767	vaginal discharge	vaginal discharge	http://www.ebi.ac.uk/efo/EFO_0009365	EFO:0009365	FALSE	FALSE	TRUE	FALSE	FALSE
DOID:3847	papillary craniopharyngioma	Papillary Craniopharyngioma	http://www.ebi.ac.uk/efo/EFO_1000447	EFO:1000447	TRUE	FALSE	FALSE	FALSE	FALSE
DOID:417	autoimmune disease	autoimmune disease	http://www.ebi.ac.uk/efo/EFO_0005140	EFO:0005140	TRUE	FALSE	FALSE	FALSE	FALSE
DOID:4210	clear cell meningioma	Clear Cell Meningioma	http://www.ebi.ac.uk/efo/EFO_1000180	EFO:1000180	TRUE	FALSE	FALSE	FALSE	FALSE
DOID:4217	malignant ovarian Brenner tumor	Malignant Ovarian Brenner Tumor	http://www.ebi.ac.uk/efo/EFO_1000357	EFO:1000357	TRUE	FALSE	FALSE	FALSE	FALSE
DOID:4432	pancreatic somatostatinoma	pancreatic somatostatinoma	http://www.ebi.ac.uk/efo/EFO_1001964	EFO:1001964	TRUE	FALSE	FALSE	FALSE	FALSE
DOID:4588	secretory meningioma	Secretory Meningioma	http://www.ebi.ac.uk/efo/EFO_1000522	EFO:1000522	TRUE	FALSE	FALSE	FALSE	FALSE
DOID:4591	lymphoplasmacyte-rich meningioma	Lymphoplasmacyte-Rich Meningioma	http://www.ebi.ac.uk/efo/EFO_1000342	EFO:1000342	TRUE	FALSE	FALSE	FALSE	FALSE
DOID:4594	microcystic meningioma	Microcystic Meningioma	http://www.ebi.ac.uk/efo/EFO_1000376	EFO:1000376	TRUE	FALSE	FALSE	FALSE	FALSE
DOID:4756	testicular Leydig cell tumor	Testicular Leydig Cell Tumor	http://www.ebi.ac.uk/efo/EFO_1000569	EFO:1000569	TRUE	FALSE	FALSE	FALSE	FALSE
DOID:4769	pleuropulmonary blastoma	Pleuropulmonary blastoma	http://www.ebi.ac.uk/efo/EFO_0009052	EFO:0009052	TRUE	FALSE	FALSE	FALSE	FALSE
DOID:5058	rhabdoid meningioma	Rhabdoid Meningioma	http://www.ebi.ac.uk/efo/EFO_1000511	EFO:1000511	TRUE	FALSE	FALSE	FALSE	FALSE
DOID:5331	testicular granulosa cell tumor	Testicular Granulosa Cell Tumor	http://www.ebi.ac.uk/efo/EFO_1000567	EFO:1000567	TRUE	FALSE	FALSE	FALSE	FALSE
DOID:535	sleep disorder	Sleep Disorder	http://www.ebi.ac.uk/efo/EFO_0008568	EFO:0008568	TRUE	FALSE	FALSE	FALSE	FALSE
DOID:5374	pilomatrixoma	Pilomatrixoma	http://www.ebi.ac.uk/efo/EFO_0009082	EFO:0009082	TRUE	FALSE	FALSE	FALSE	FALSE
DOID:5580	pancreatic gastrinoma	Pancreatic Gastrinoma	http://www.ebi.ac.uk/efo/EFO_1000440	EFO:1000440	TRUE	FALSE	FALSE	FALSE	FALSE
DOID:5675	cribriform carcinoma	Cribriform Carcinoma	http://www.ebi.ac.uk/efo/EFO_1000210	EFO:1000210	TRUE	FALSE	FALSE	FALSE	FALSE
DOID:5690	well-differentiated liposarcoma	well-differentiated liposarcoma	http://www.ebi.ac.uk/efo/EFO_0000736	EFO:0000736	TRUE	FALSE	FALSE	FALSE	FALSE
DOID:5750	endometrial serous adenocarcinoma	Endometrial Serous Adenocarcinoma	http://www.ebi.ac.uk/efo/EFO_1000238	EFO:1000238	TRUE	FALSE	FALSE	FALSE	FALSE
DOID:5900	meningeal melanocytoma	Meningeal Melanocytoma	http://www.ebi.ac.uk/efo/EFO_1000370	EFO:1000370	TRUE	FALSE	FALSE	FALSE	FALSE
DOID:6548	angiomatous meningioma	Angiomatous Meningioma	http://www.ebi.ac.uk/efo/EFO_1000086	EFO:1000086	TRUE	FALSE	FALSE	FALSE	FALSE
DOID:6610	bone epithelioid hemangioma	Bone Epithelioid Hemangioma	http://www.ebi.ac.uk/efo/EFO_1000132	EFO:1000132	TRUE	FALSE	FALSE	FALSE	FALSE
DOID:6823	pancreatoblastoma	Pancreatoblastoma	http://www.ebi.ac.uk/efo/EFO_1000446	EFO:1000446	TRUE	FALSE	FALSE	FALSE	FALSE
DOID:7154	anaplastic oligodendroglioma	anaplastic oligodendroglioma	http://www.ebi.ac.uk/efo/EFO_0002501	EFO:0002501	TRUE	FALSE	FALSE	FALSE	FALSE
DOID:7210	psammomatous meningioma	Psammomatous Meningioma	http://www.ebi.ac.uk/efo/EFO_1000500	EFO:1000500	TRUE	FALSE	FALSE	FALSE	FALSE
DOID:7211	fibrous meningioma	Fibrous Meningioma	http://www.ebi.ac.uk/efo/EFO_1000258	EFO:1000258	TRUE	FALSE	FALSE	FALSE	FALSE
DOID:7212	meningothelial meningioma	Meningothelial Meningioma	http://www.ebi.ac.uk/efo/EFO_1000372	EFO:1000372	TRUE	FALSE	FALSE	FALSE	FALSE
DOID:7213	transitional meningioma	Transitional Meningioma	http://www.ebi.ac.uk/efo/EFO_1000602	EFO:1000602	TRUE	FALSE	FALSE	FALSE	FALSE
DOID:8353	epithelioid malignant peripheral nerve sheath tumor	Epithelioid Malignant Peripheral Nerve Sheath Tumor	http://www.ebi.ac.uk/efo/EFO_1000245	EFO:1000245	TRUE	FALSE	FALSE	FALSE	FALSE
DOID:8368	chordoid meningioma	Chordoid Meningioma	http://www.ebi.ac.uk/efo/EFO_1000176	EFO:1000176	TRUE	FALSE	FALSE	FALSE	FALSE
DOID:8411	kidney angiomyolipoma	Kidney Angiomyolipoma	http://www.ebi.ac.uk/efo/EFO_1000312	EFO:1000312	TRUE	FALSE	FALSE	FALSE	FALSE
DOID:9600	plantar fasciitis	Plantar Fasciitis	http://www.ebi.ac.uk/efo/EFO_1001909	EFO:1001909	FALSE	FALSE	TRUE	FALSE	FALSE
00016951	peginterferon alfa-2a	peginterferon alfa-2a	http://www.ebi.ac.uk/efo/EFO_0010102	EFO:0010102	FALSE	FALSE	FALSE	FALSE	FALSE
C000608607	Alexa Fluor 555	Alexa Fluor 555	http://www.ebi.ac.uk/efo/EFO_0004968	EFO:0004968	FALSE	FALSE	FALSE	FALSE	FALSE
C001803	tempol	tempol	http://www.ebi.ac.uk/efo/EFO_0002678	EFO:0002678	FALSE	FALSE	FALSE	FALSE	FALSE
C048844	anti-IgG	anti-IgG	http://www.ebi.ac.uk/efo/EFO_0005030	EFO:0005030	FALSE	FALSE	FALSE	FALSE	FALSE
C056900	neuromedin U	neuromedin U	http://www.ebi.ac.uk/efo/EFO_0003266	EFO:0003266	FALSE	FALSE	FALSE	FALSE	FALSE
C076196	Org 31710	antiprogestin	http://www.ebi.ac.uk/efo/EFO_0002673	EFO:0002673	FALSE	FALSE	FALSE	FALSE	FALSE
C082585	iberin	iberin	http://www.ebi.ac.uk/efo/EFO_0002671	EFO:0002671	FALSE	FALSE	FALSE	FALSE	FALSE
C100416	peginterferon alfa-2a	peginterferon alfa-2a	http://www.ebi.ac.uk/efo/EFO_0010102	EFO:0010102	FALSE	FALSE	FALSE	FALSE	FALSE
C525074	chitooctaose	chitin octamer	http://www.ebi.ac.uk/efo/EFO_0003237	EFO:0003237	FALSE	FALSE	FALSE	FALSE	FALSE
C535892	Lichen planus follicularis	lichen planopilaris	http://www.ebi.ac.uk/efo/EFO_0009856	EFO:0009856	TRUE	FALSE	FALSE	FALSE	FALSE
C535932	Intrahepatic Cholestasis of Pregnancy	Intrahepatic cholestasis of pregnancy	http://www.ebi.ac.uk/efo/EFO_0009048	EFO:0009048	TRUE	FALSE	FALSE	FALSE	FALSE
C536397	Neonatal Systemic lupus erythematosus	neonatal systemic lupus erythematosus	http://www.ebi.ac.uk/efo/EFO_0004537	EFO:0004537	TRUE	FALSE	FALSE	FALSE	FALSE
C537143	Ossification of the posterior longitudinal ligament of the spine	ossification of the posterior longitudinal ligament of the spine	http://www.ebi.ac.uk/efo/EFO_0005895	EFO:0005895	TRUE	FALSE	FALSE	FALSE	FALSE
C537150	Hypoglycemia, leucine-induced	leucine-induced hypoglycemia	http://www.ebi.ac.uk/efo/EFO_0006856	EFO:0006856	FALSE	FALSE	TRUE	FALSE	FALSE
C537296	Granulosa cell tumor of the ovary	ovarian granulosa tumour	http://www.ebi.ac.uk/efo/EFO_0006461	EFO:0006461	TRUE	FALSE	FALSE	FALSE	FALSE
C537361	Methylmalonic aciduria cblB type	methylmalonic aciduria cblb type	http://www.ebi.ac.uk/efo/EFO_0009074	EFO:0009074	TRUE	FALSE	FALSE	FALSE	FALSE
C537778	Antisynthetase syndrome	Antisynthetase syndrome	http://www.ebi.ac.uk/efo/EFO_1001982	EFO:1001982	TRUE	FALSE	FALSE	FALSE	FALSE
C538116	Heterotaxy, visceral, X-linked	heterotaxy, visceral, x-linked	http://www.ebi.ac.uk/efo/EFO_0009136	EFO:0009136	FALSE	FALSE	TRUE	FALSE	FALSE
C538246	Aminoacylase 1 deficiency	Aminoacylase 1 deficiency	http://www.ebi.ac.uk/efo/EFO_1001981	EFO:1001981	TRUE	FALSE	FALSE	FALSE	FALSE
C538253	Amyotrophy, monomelic	Monomelic amyotrophy	http://www.ebi.ac.uk/efo/EFO_1001989	EFO:1001989	TRUE	FALSE	FALSE	FALSE	FALSE
C538459	Ovarian gynandroblastoma	Ovarian Gynandroblastoma	http://www.ebi.ac.uk/efo/EFO_1000422	EFO:1000422	TRUE	FALSE	FALSE	FALSE	FALSE
C548033	Medullary Cystic Kidney Disease 2	Medullary Cystic Kidney Disease Type II	http://www.ebi.ac.uk/efo/EFO_0008618	EFO:0008618	TRUE	FALSE	FALSE	FALSE	FALSE
C562465	Phobia, Specific	specific phobia	http://www.ebi.ac.uk/efo/EFO_1001918	EFO:1001918	TRUE	FALSE	FALSE	FALSE	FALSE
C562776	Hyperproinsulinemia	hyperproinsulinemia	http://www.ebi.ac.uk/efo/EFO_0009650	EFO:0009650	TRUE	FALSE	FALSE	FALSE	FALSE
C563236	Testicular Germ Cell Tumor	Testicular Germ Cell Tumor	http://www.ebi.ac.uk/efo/EFO_1000566	EFO:1000566	TRUE	FALSE	FALSE	FALSE	FALSE
C564963	Leigh Syndrome due to Mitochondrial Complex IV Deficiency	leigh syndrome due to mitochondrial complex iv deficiency	http://www.ebi.ac.uk/efo/EFO_0009135	EFO:0009135	TRUE	FALSE	FALSE	FALSE	FALSE
C567516	Temple-Baraitser Syndrome	Temple-Baraitser syndrome	http://www.ebi.ac.uk/efo/EFO_0009062	EFO:0009062	TRUE	FALSE	FALSE	FALSE	FALSE
C569686	Alexa Fluor 647	Alexa Fluor 647	http://www.ebi.ac.uk/efo/EFO_0004967	EFO:0004967	FALSE	FALSE	FALSE	FALSE	FALSE
D000007	Abdominal Injuries	abdominal injury	http://www.ebi.ac.uk/efo/EFO_0009502	EFO:0009502	FALSE	FALSE	FALSE	FALSE	FALSE
D000066450	Mouse Embryonic Stem Cells	mouse embryonic stem cell	http://www.ebi.ac.uk/efo/EFO_0004038	EFO:0004038	FALSE	FALSE	FALSE	FALSE	FALSE
D000069078	Seroconversion	seroconversion	http://www.ebi.ac.uk/efo/EFO_0007851	EFO:0007851	FALSE	FALSE	FALSE	FALSE	TRUE
D000071576	Crush Injuries	crush injury	http://www.ebi.ac.uk/efo/EFO_0009504	EFO:0009504	FALSE	FALSE	FALSE	FALSE	FALSE
D000071698	Latent Autoimmune Diabetes in Adults	latent autoimmune diabetes in adults	http://www.ebi.ac.uk/efo/EFO_0009706	EFO:0009706	TRUE	FALSE	FALSE	FALSE	FALSE
D000072142	Pathologists	pathologist	http://www.ebi.ac.uk/efo/EFO_0009738	EFO:0009738	FALSE	FALSE	FALSE	FALSE	FALSE
D000072283	A549 Cells	A549	http://www.ebi.ac.uk/efo/EFO_0001086	EFO:0001086	FALSE	FALSE	FALSE	FALSE	FALSE
D000072657	ST Elevation Myocardial Infarction	ST Elevation Myocardial Infarction	http://www.ebi.ac.uk/efo/EFO_0008585	EFO:0008585	TRUE	FALSE	FALSE	FALSE	FALSE
D000072658	Non-ST Elevated Myocardial Infarction	Non-ST Elevation Myocardial Infarction	http://www.ebi.ac.uk/efo/EFO_0008586	EFO:0008586	TRUE	FALSE	FALSE	FALSE	FALSE
D000072660	Teratozoospermia	teratozoospermia	http://www.ebi.ac.uk/efo/EFO_0002625	EFO:0002625	FALSE	FALSE	FALSE	FALSE	FALSE
D000074361	Sleep Latency	sleep latency	http://www.ebi.ac.uk/efo/EFO_0005280	EFO:0005280	FALSE	TRUE	FALSE	FALSE	FALSE
D000075322	Heavy Metal Poisoning	heavy metal poisoning	http://www.ebi.ac.uk/efo/EFO_1001518	EFO:1001518	TRUE	FALSE	FALSE	FALSE	FALSE
D000076385	Diverticular Diseases	diverticular disease	http://www.ebi.ac.uk/efo/EFO_0009959	EFO:0009959	TRUE	FALSE	FALSE	FALSE	FALSE
D000077195	Squamous Cell Carcinoma of Head and Neck	head and neck squamous cell carcinoma	http://www.ebi.ac.uk/efo/EFO_0000181	EFO:0000181	TRUE	FALSE	FALSE	FALSE	FALSE
D000077277	Esophageal Squamous Cell Carcinoma	esophageal squamous cell carcinoma	http://www.ebi.ac.uk/efo/EFO_0005922	EFO:0005922	TRUE	FALSE	FALSE	FALSE	FALSE
D000077982	Progression-Free Survival	progression free survival	http://www.ebi.ac.uk/efo/EFO_0004920	EFO:0004920	FALSE	TRUE	FALSE	FALSE	FALSE
D000080909	Carotid-Femoral Pulse Wave Velocity	carotid-femoral pulse wave velocity	http://www.ebi.ac.uk/efo/EFO_0004724	EFO:0004724	FALSE	TRUE	FALSE	FALSE	FALSE
D000081246	RNA-Seq	RNA-Seq	http://www.ebi.ac.uk/efo/EFO_0008896	EFO:0008896	FALSE	FALSE	FALSE	FALSE	TRUE
D000671	Amputation	amputation	http://www.ebi.ac.uk/efo/EFO_0009632	EFO:0009632	FALSE	FALSE	FALSE	FALSE	TRUE
D000783	Aneurysm	aneurysm	http://www.ebi.ac.uk/efo/EFO_0009659	EFO:0009659	TRUE	FALSE	FALSE	FALSE	FALSE
D000860	Hypoxia	hypoxia	http://www.ebi.ac.uk/efo/EFO_0009444	EFO:0009444	FALSE	FALSE	TRUE	FALSE	FALSE
D001237	Asphyxia	asphyxia	http://www.ebi.ac.uk/efo/EFO_0009446	EFO:0009446	FALSE	FALSE	TRUE	FALSE	FALSE
D001284	Atrophy	Atrophy	http://www.ebi.ac.uk/efo/EFO_1000096	EFO:1000096	FALSE	FALSE	FALSE	FALSE	TRUE
D001782	Blood Donors	blood donor	http://www.ebi.ac.uk/efo/EFO_0009635	EFO:0009635	FALSE	FALSE	FALSE	FALSE	FALSE
D002375	Catalepsy	catalepsy	http://www.ebi.ac.uk/efo/EFO_0009845	EFO:0009845	TRUE	FALSE	FALSE	FALSE	FALSE
D002585	Cesarean Section	cesarean section	http://www.ebi.ac.uk/efo/EFO_0009636	EFO:0009636	FALSE	FALSE	FALSE	FALSE	TRUE
D002908	Chronic Disease	chronic disease	http://www.ebi.ac.uk/efo/EFO_0009714	EFO:0009714	TRUE	FALSE	FALSE	FALSE	FALSE
D003251	Constriction, Pathologic	stricture	http://www.ebi.ac.uk/efo/EFO_0006818	EFO:0006818	FALSE	FALSE	TRUE	FALSE	FALSE
D003267	Contraception	contraception	http://www.ebi.ac.uk/efo/EFO_0009520	EFO:0009520	FALSE	FALSE	FALSE	FALSE	TRUE
D003289	Convalescence	convalescence	http://www.ebi.ac.uk/efo/EFO_0009630	EFO:0009630	FALSE	FALSE	FALSE	FALSE	TRUE
D004272	DNA, Mitochondrial	mitochondrial DNA	http://www.ebi.ac.uk/efo/EFO_0008480	EFO:0008480	FALSE	FALSE	FALSE	FALSE	FALSE
D004487	Edema	edema	http://www.ebi.ac.uk/efo/EFO_0009373	EFO:0009373	TRUE	FALSE	FALSE	FALSE	FALSE
D005157	Facial Pain	facial pain	http://www.ebi.ac.uk/efo/EFO_0009625	EFO:0009625	FALSE	FALSE	TRUE	FALSE	FALSE
D005355	Fibrosis	fibrosis	http://www.ebi.ac.uk/efo/EFO_0006890	EFO:0006890	TRUE	FALSE	FALSE	FALSE	FALSE
D005414	Flatulence	flatulence	http://www.ebi.ac.uk/efo/EFO_0009669	EFO:0009669	TRUE	FALSE	FALSE	FALSE	FALSE
D005599	Fractures, Ununited	fractures, ununited	http://www.ebi.ac.uk/efo/EFO_0009707	EFO:0009707	TRUE	FALSE	FALSE	FALSE	FALSE
D005627	Frostbite	frostbite	http://www.ebi.ac.uk/efo/EFO_0009527	EFO:0009527	FALSE	FALSE	FALSE	FALSE	FALSE
D006461	Hemolysis	hemolysis	http://www.ebi.ac.uk/efo/EFO_0009473	EFO:0009473	FALSE	FALSE	FALSE	FALSE	TRUE
D006473	Postpartum Hemorrhage	postpartum hemorrhage	http://www.ebi.ac.uk/efo/EFO_0009579	EFO:0009579	TRUE	FALSE	TRUE	FALSE	FALSE
D006521	Hepatitis, Chronic	chronic hepatitis	http://www.ebi.ac.uk/efo/EFO_0008496	EFO:0008496	FALSE	FALSE	TRUE	FALSE	FALSE
D006716	Homosexuality	homosexuality	http://www.ebi.ac.uk/efo/EFO_0008485	EFO:0008485	FALSE	FALSE	TRUE	FALSE	FALSE
D007572	Jaw Fractures	jaw fracture	http://www.ebi.ac.uk/efo/EFO_0009612	EFO:0009612	TRUE	FALSE	FALSE	FALSE	FALSE
D007789	Lactose Tolerance Test	lactose tolerance test	http://www.ebi.ac.uk/efo/EFO_0010557	EFO:0010557	FALSE	TRUE	FALSE	FALSE	FALSE
D007937	Leukapheresis	leukapheresis	http://www.ebi.ac.uk/efo/EFO_0009126	EFO:0009126	FALSE	FALSE	FALSE	FALSE	TRUE
D008451	Maximal Voluntary Ventilation	maximal voluntary ventilation	http://www.ebi.ac.uk/efo/EFO_0008431	EFO:0008431	FALSE	TRUE	FALSE	FALSE	FALSE
D009026	Mortality	mortality	http://www.ebi.ac.uk/efo/EFO_0004352	EFO:0004352	FALSE	TRUE	FALSE	FALSE	FALSE
D009041	Motion Sickness	motion sickness	http://www.ebi.ac.uk/efo/EFO_0006928	EFO:0006928	FALSE	FALSE	TRUE	FALSE	FALSE
D009120	Muscle Cramp	muscle cramp	http://www.ebi.ac.uk/efo/EFO_0009846	EFO:0009846	FALSE	FALSE	TRUE	FALSE	FALSE
D009133	Muscular Atrophy	muscle atrophy	http://www.ebi.ac.uk/efo/EFO_0009851	EFO:0009851	FALSE	FALSE	FALSE	FALSE	TRUE
D009336	Necrosis	necrosis	http://www.ebi.ac.uk/efo/EFO_0009426	EFO:0009426	FALSE	FALSE	TRUE	FALSE	FALSE
D009437	Neuralgia	neuropathic pain	http://www.ebi.ac.uk/efo/EFO_0005762	EFO:0005762	FALSE	FALSE	TRUE	FALSE	FALSE
D009463	Neuroma	neuroma	http://www.ebi.ac.uk/efo/EFO_0009619	EFO:0009619	TRUE	FALSE	FALSE	FALSE	FALSE
D009917	Orbital Fractures	orbital fracture	http://www.ebi.ac.uk/efo/EFO_0009611	EFO:0009611	TRUE	FALSE	FALSE	FALSE	FALSE
D010510	Periodontal Diseases	tooth-supporting structures disease	http://www.ebi.ac.uk/efo/EFO_0010693	EFO:0010693	TRUE	FALSE	FALSE	FALSE	FALSE
D010996	Pleural Effusion	pleural effusion	http://www.ebi.ac.uk/efo/EFO_0009637	EFO:0009637	FALSE	FALSE	TRUE	FALSE	FALSE
D012046	Rehabilitation	rehabilitation	http://www.ebi.ac.uk/efo/EFO_0009581	EFO:0009581	FALSE	FALSE	FALSE	FALSE	TRUE
D012253	Rib Fractures	rib fracture	http://www.ebi.ac.uk/efo/EFO_0009620	EFO:0009620	TRUE	FALSE	FALSE	FALSE	FALSE
D012784	Shoulder Fractures	shoulder fracture	http://www.ebi.ac.uk/efo/EFO_0009621	EFO:0009621	TRUE	FALSE	FALSE	FALSE	FALSE
D013203	Staphylococcal Infections	Staphylococcus aureus infection	http://www.ebi.ac.uk/efo/EFO_0005681	EFO:0005681	TRUE	FALSE	FALSE	FALSE	FALSE
D013405	Suicide	suicide	http://www.ebi.ac.uk/efo/EFO_0007624	EFO:0007624	FALSE	FALSE	FALSE	FALSE	TRUE
D014098	Toothache	toothache	http://www.ebi.ac.uk/efo/EFO_0010072	EFO:0010072	FALSE	FALSE	TRUE	FALSE	FALSE
D014647	Varicose Ulcer	varicose ulcer	http://www.ebi.ac.uk/efo/EFO_1001923	EFO:1001923	FALSE	FALSE	TRUE	FALSE	FALSE
D014987	Xerostomia	xerostomia	http://www.ebi.ac.uk/efo/EFO_0009869	EFO:0009869	FALSE	FALSE	TRUE	FALSE	FALSE
D015275	Tumor Lysis Syndrome	Tumor Lysis Syndrome	http://www.ebi.ac.uk/efo/EFO_1001479	EFO:1001479	TRUE	FALSE	FALSE	FALSE	FALSE
D015831	Osteochondroma	Osteochondroma	http://www.ebi.ac.uk/efo/EFO_1000411	EFO:1000411	TRUE	FALSE	FALSE	FALSE	FALSE
D016084	Bronchoconstriction	bronchoconstriction	http://www.ebi.ac.uk/efo/EFO_0009836	EFO:0009836	FALSE	FALSE	FALSE	FALSE	TRUE
D016530	Orthopedic Nursing	orthopedic nursing	http://www.ebi.ac.uk/efo/EFO_0009577	EFO:0009577	FALSE	FALSE	FALSE	FALSE	TRUE
D016543	Central Nervous System Neoplasms	Central Nervous System Neoplasm	http://www.ebi.ac.uk/efo/EFO_1000158	EFO:1000158	TRUE	FALSE	FALSE	FALSE	FALSE
D016898	Interferon-alpha	interferon alpha	http://www.ebi.ac.uk/efo/EFO_0003021	EFO:0003021	FALSE	FALSE	FALSE	FALSE	FALSE
D017588	Hyperandrogenism	hyperandrogenism	http://www.ebi.ac.uk/efo/EFO_0009006	EFO:0009006	TRUE	FALSE	FALSE	FALSE	FALSE
D017701	Reticulocyte Count	reticulocyte count	http://www.ebi.ac.uk/efo/EFO_0007986	EFO:0007986	FALSE	TRUE	FALSE	FALSE	FALSE
D017731	Lymphomatoid Papulosis	Lymphomatoid Papulosis	http://www.ebi.ac.uk/efo/EFO_1000341	EFO:1000341	TRUE	FALSE	FALSE	FALSE	FALSE
D018058	Tympanic Membrane Perforation	tympanic membrane perforation	http://www.ebi.ac.uk/efo/EFO_0009472	EFO:0009472	FALSE	FALSE	TRUE	FALSE	FALSE
D018215	Osteoblastoma	Osteoblastoma	http://www.ebi.ac.uk/efo/EFO_1000410	EFO:1000410	TRUE	FALSE	FALSE	FALSE	FALSE
D018226	Fibroadenoma	Fibroadenoma	http://www.ebi.ac.uk/efo/EFO_1000254	EFO:1000254	TRUE	FALSE	FALSE	FALSE	FALSE
D018296	Pilomatrixoma	Pilomatrixoma	http://www.ebi.ac.uk/efo/EFO_0009082	EFO:0009082	TRUE	FALSE	FALSE	FALSE	FALSE
D018451	Homosexuality, Male	male homosexuality	http://www.ebi.ac.uk/efo/EFO_0008486	EFO:0008486	FALSE	FALSE	TRUE	FALSE	FALSE
D019522	Vaginal Discharge	vaginal discharge	http://www.ebi.ac.uk/efo/EFO_0009365	EFO:0009365	FALSE	FALSE	TRUE	FALSE	FALSE
D020246	Venous Thrombosis	deep vein thrombosis	http://www.ebi.ac.uk/efo/EFO_0003907	EFO:0003907	FALSE	FALSE	TRUE	FALSE	FALSE
D030361	Papillomavirus Infections	human papilloma virus infection	http://www.ebi.ac.uk/efo/EFO_0001668	EFO:0001668	TRUE	FALSE	FALSE	FALSE	FALSE
D033461	Hyperuricemia	hyperuricemia	http://www.ebi.ac.uk/efo/EFO_0009104	EFO:0009104	TRUE	FALSE	FALSE	FALSE	FALSE
D054079	Vascular Malformations	vascular malformation	http://www.ebi.ac.uk/efo/EFO_0006888	EFO:0006888	TRUE	FALSE	TRUE	FALSE	FALSE
D055423	Diet, Ketogenic	ketogenic diet	http://www.ebi.ac.uk/efo/EFO_0009371	EFO:0009371	FALSE	FALSE	FALSE	FALSE	FALSE
D055665	Purpura Fulminans	Purpura Fulminans	http://www.ebi.ac.uk/efo/EFO_1001913	EFO:1001913	FALSE	FALSE	TRUE	FALSE	FALSE
D056344	Executive Function	executive function	http://www.ebi.ac.uk/efo/EFO_0007046	EFO:0007046	FALSE	FALSE	FALSE	FALSE	TRUE
D059246	Tachypnea	tachypnea	http://www.ebi.ac.uk/efo/EFO_0009840	EFO:0009840	FALSE	FALSE	TRUE	FALSE	FALSE
D059305	Diet, High-Fat	high fat diet	http://www.ebi.ac.uk/efo/EFO_0002757	EFO:0002757	FALSE	FALSE	FALSE	FALSE	FALSE
D059345	Cerebral Small Vessel Diseases	cerebral small vessel disease	http://www.ebi.ac.uk/efo/EFO_0008493	EFO:0008493	TRUE	FALSE	FALSE	FALSE	FALSE
D059349	Urine Specimen Collection	urine collection	http://www.ebi.ac.uk/efo/EFO_0009123	EFO:0009123	FALSE	FALSE	FALSE	FALSE	TRUE
D059630	Mesenchymal Stem Cells	mesenchymal stem cell	http://www.ebi.ac.uk/efo/EFO_0000586	EFO:0000586	FALSE	FALSE	FALSE	FALSE	FALSE
D061218	Depressive Disorder, Treatment-Resistant	treatment resistant depression	http://www.ebi.ac.uk/efo/EFO_0009854	EFO:0009854	TRUE	FALSE	FALSE	FALSE	FALSE
D061346	Laser Capture Microdissection	laser capture microdissection	http://www.ebi.ac.uk/efo/EFO_0009111	EFO:0009111	FALSE	FALSE	FALSE	FALSE	TRUE
D062025	Organophosphate Poisoning	organophosphate poisoning	http://www.ebi.ac.uk/efo/EFO_0010581	EFO:0010581	TRUE	FALSE	FALSE	FALSE	FALSE
D064386	Ankle Fractures	ankle fracture	http://www.ebi.ac.uk/efo/EFO_0009615	EFO:0009615	TRUE	FALSE	FALSE	FALSE	FALSE
D064527	Etiolation	etiolation	http://www.ebi.ac.uk/efo/EFO_0007589	EFO:0007589	FALSE	FALSE	FALSE	FALSE	FALSE
D065290	Acute-On-Chronic Liver Failure	acute-on-chronic liver failure	http://www.ebi.ac.uk/efo/EFO_0007949	EFO:0007949	TRUE	FALSE	TRUE	FALSE	FALSE
D065886	Neurodevelopmental Disorders	Neurodevelopmental disorder	http://www.ebi.ac.uk/efo/EFO_0010642	EFO:0010642	TRUE	FALSE	FALSE	FALSE	FALSE
D065927	Waist-Height Ratio	waist height ratio	http://www.ebi.ac.uk/efo/EFO_0005191	EFO:0005191	FALSE	TRUE	FALSE	FALSE	FALSE
